CODE,YEAR,VALUE
E06000001,2023,0.063248423
E06000002,2023,0.021796674
E06000003,2023,0.070418524
E06000004,2023,0.037927254
E06000005,2023,0.030491694
E06000047,2023,0.032284917
E06000057,2023,0.057073452
E08000021,2023,0.017042968
E08000022,2023,0.022765941
E08000023,2023,0.028606301
E08000024,2023,0.028876687
E08000037,2023,0.032660761
E06000006,2023,0.029343541
E06000007,2023,0.02500066
E06000008,2023,0.025513801
E06000009,2023,0.023619735
E06000049,2023,0.027013783
E06000050,2023,0.082495261
E06000063,2023,0.073059552
E06000064,2023,0.050408601
E07000117,2023,0.028165206
E07000118,2023,0.035647592
E07000119,2023,0.018071023
E07000120,2023,0.040452114
E07000121,2023,0.034135893
E07000122,2023,0.028760455
E07000123,2023,0.022178435
E07000124,2023,0.057810483
E07000125,2023,0.048180818
E07000126,2023,0.019691263
E07000127,2023,0.037744648
E07000128,2023,0.048828031
E08000001,2023,0.024012632
E08000002,2023,0.030082864
E08000003,2023,0.011569978
E08000004,2023,0.026691472
E08000005,2023,0.036102409
E08000006,2023,0.019107448
E08000007,2023,0.017619612
E08000008,2023,0.032975208
E08000009,2023,0.023742941
E08000010,2023,0.030222469
E08000011,2023,0.031774585
E08000012,2023,0.016513449
E08000013,2023,0.069606819
E08000014,2023,0.033736492
E08000015,2023,0.025743052
E06000010,2023,0.027263598
E06000011,2023,0.051434366
E06000012,2023,0.044733776
E06000013,2023,0.292776691
E06000014,2023,0.015075507
E06000065,2023,0.045650283
E08000016,2023,0.046331392
E08000017,2023,0.048007253
E08000018,2023,0.046284807
E08000019,2023,0.021045606
E08000032,2023,0.028965527
E08000033,2023,0.02688636
E08000034,2023,0.032922879
E08000035,2023,0.017782182
E08000036,2023,0.038281556
E06000015,2023,0.020481603
E06000016,2023,0.024340709
E06000017,2023,0.132132417
E06000018,2023,0.01630961
E06000061,2023,0.040660484
E06000062,2023,0.029335342
E07000032,2023,0.034556607
E07000033,2023,0.078575337
E07000034,2023,0.024243207
E07000035,2023,0.055191077
E07000036,2023,0.041150844
E07000037,2023,0.219123758
E07000038,2023,0.048984832
E07000039,2023,0.040866661
E07000129,2023,0.021916409
E07000130,2023,0.029663003
E07000131,2023,0.041894556
E07000132,2023,0.036402445
E07000133,2023,0.033263798
E07000134,2023,0.042990441
E07000135,2023,0.021768629
E07000136,2023,0.035051971
E07000137,2023,0.045313596
E07000138,2023,0.021483561
E07000139,2023,0.031757305
E07000140,2023,0.03764446
E07000141,2023,0.043419698
E07000142,2023,0.044410304
E07000170,2023,0.033093334
E07000171,2023,0.061626026
E07000172,2023,0.038848667
E07000173,2023,0.032166711
E07000174,2023,0.025976278
E07000175,2023,0.067210811
E07000176,2023,0.033623127
E06000019,2023,0.04185589
E06000020,2023,0.028227675
E06000021,2023,0.035767472
E06000051,2023,0.038362663
E07000192,2023,0.021317369
E07000193,2023,0.033483244
E07000194,2023,0.033332218
E07000195,2023,0.051858409
E07000196,2023,0.068943687
E07000197,2023,0.042929384
E07000198,2023,0.091545767
E07000199,2023,0.017905801
E07000218,2023,0.055031129
E07000219,2023,0.025893851
E07000220,2023,0.073970726
E07000221,2023,0.023512918
E07000222,2023,0.016377437
E07000234,2023,0.027053806
E07000235,2023,0.037137159
E07000236,2023,0.021769193
E07000237,2023,0.014247958
E07000238,2023,0.051570261
E07000239,2023,0.032543187
E08000025,2023,0.020470084
E08000026,2023,0.017521425
E08000027,2023,0.027156276
E08000028,2023,0.03415837
E08000029,2023,0.018745614
E08000030,2023,0.032610439
E08000031,2023,0.023904299
E06000031,2023,0.021430287
E06000032,2023,0.015799131
E06000033,2023,0.018387397
E06000034,2023,0.038040627
E06000055,2023,0.036952049
E06000056,2023,0.036396064
E07000008,2023,0.013927841
E07000009,2023,0.044181303
E07000010,2023,0.054351868
E07000011,2023,0.041900892
E07000012,2023,0.031790235
E07000066,2023,0.015767283
E07000067,2023,0.02506248
E07000068,2023,0.020090181
E07000069,2023,0.023338733
E07000070,2023,0.017819609
E07000071,2023,0.019028389
E07000072,2023,0.040047596
E07000073,2023,0.026288849
E07000074,2023,0.032675708
E07000075,2023,0.014223828
E07000076,2023,0.0331758
E07000077,2023,0.041742326
E07000095,2023,0.017600142
E07000096,2023,0.018497648
E07000098,2023,0.020364903
E07000099,2023,0.020223716
E07000102,2023,0.018715429
E07000103,2023,0.009481747
E07000143,2023,0.041820962
E07000144,2023,0.01858514
E07000145,2023,0.020896803
E07000146,2023,0.046825544
E07000147,2023,0.043889191
E07000148,2023,0.016935207
E07000149,2023,0.032690118
E07000200,2023,0.039034171
E07000202,2023,0.010873534
E07000203,2023,0.044474654
E07000240,2023,0.027083329
E07000241,2023,0.016215036
E07000242,2023,0.017525731
E07000243,2023,0.022912731
E07000244,2023,0.030509368
E07000245,2023,0.036164649
E09000001,2023,0.002114863
E09000007,2023,0.007649732
E09000012,2023,0.008657088
E09000013,2023,0.010548578
E09000014,2023,0.022398481
E09000019,2023,0.005819316
E09000020,2023,0.017073419
E09000022,2023,0.010926155
E09000023,2023,0.021247387
E09000025,2023,0.031099174
E09000028,2023,0.00821491
E09000030,2023,0.007185023
E09000032,2023,0.01629156
E09000033,2023,0.006015008
E09000002,2023,0.021196104
E09000003,2023,0.015057744
E09000004,2023,0.020150644
E09000005,2023,0.015955817
E09000006,2023,0.012171892
E09000008,2023,0.011508513
E09000009,2023,0.020957839
E09000010,2023,0.02022497
E09000011,2023,0.023449512
E09000015,2023,0.009511776
E09000016,2023,0.018511589
E09000017,2023,0.020175987
E09000018,2023,0.009856686
E09000021,2023,0.013871243
E09000024,2023,0.013697958
E09000026,2023,0.014506536
E09000027,2023,0.009655323
E09000029,2023,0.015485653
E09000031,2023,0.01844794
E06000035,2023,0.016968986
E06000036,2023,0.012056029
E06000037,2023,0.022565807
E06000038,2023,0.008076036
E06000039,2023,0.019723971
E06000040,2023,0.013897512
E06000041,2023,0.009185386
E06000042,2023,0.01429432
E06000043,2023,0.009906727
E06000044,2023,0.016981849
E06000045,2023,0.013519443
E06000046,2023,0.025750867
E06000060,2023,0.020427867
E07000061,2023,0.017982295
E07000062,2023,0.018326512
E07000063,2023,0.020119381
E07000064,2023,0.04622681
E07000065,2023,0.025483727
E07000084,2023,0.018065606
E07000085,2023,0.025774352
E07000086,2023,0.015394215
E07000087,2023,0.017281357
E07000088,2023,0.019793985
E07000089,2023,0.019254445
E07000090,2023,0.018018297
E07000091,2023,0.216900455
E07000092,2023,0.007247557
E07000093,2023,0.027953257
E07000094,2023,0.021134518
E07000105,2023,0.026029718
E07000106,2023,0.019981153
E07000107,2023,0.02682427
E07000108,2023,0.025126789
E07000109,2023,0.033452714
E07000110,2023,0.024480318
E07000111,2023,0.023934712
E07000112,2023,0.025730664
E07000113,2023,0.045806838
E07000114,2023,0.038621347
E07000115,2023,0.02282874
E07000116,2023,0.01611112
E07000177,2023,0.035254005
E07000178,2023,0.017274131
E07000179,2023,0.026099654
E07000180,2023,0.024299977
E07000181,2023,0.023315088
E07000207,2023,0.01068912
E07000208,2023,0.01117618
E07000209,2023,0.017141011
E07000210,2023,0.01488271
E07000211,2023,0.013389473
E07000212,2023,0.012814858
E07000213,2023,0.013862771
E07000214,2023,0.018225879
E07000215,2023,0.034494699
E07000216,2023,0.016192056
E07000217,2023,0.019043557
E07000223,2023,0.023705714
E07000224,2023,0.022812506
E07000225,2023,0.025267393
E07000226,2023,0.0169313
E07000227,2023,0.020159597
E07000228,2023,0.022005019
E07000229,2023,0.008368348
E06000022,2023,0.015894248
E06000023,2023,0.01197144
E06000024,2023,0.037925351
E06000025,2023,0.016426961
E06000026,2023,0.018780048
E06000027,2023,0.022809235
E06000030,2023,0.012324106
E06000052,2023,0.02920763
E06000053,2023,0.023939097
E06000054,2023,0.029577803
E06000058,2023,0.013296436
E06000059,2023,0.026549588
E06000066,2023,0.033173813
E07000040,2023,0.025489592
E07000041,2023,0.012387236
E07000042,2023,0.055156157
E07000043,2023,0.026230276
E07000044,2023,0.03135379
E07000045,2023,0.032417578
E07000046,2023,0.033685141
E07000047,2023,0.062917404
E07000078,2023,0.013165469
E07000079,2023,0.022001896
E07000080,2023,0.043756327
E07000081,2023,0.021196934
E07000082,2023,0.040046183
E07000083,2023,0.030421765
W06000001,2023,0.033659295
W06000002,2023,0.036220765
W06000003,2023,0.032366353
W06000004,2023,0.029252325
W06000005,2023,0.057490234
W06000006,2023,0.071103174
W06000008,2023,0.046864042
W06000009,2023,0.309701712
W06000010,2023,0.046154616
W06000011,2023,0.026552254
W06000012,2023,0.191303437
W06000013,2023,0.039968877
W06000014,2023,0.054671938
W06000015,2023,0.01828049
W06000016,2023,0.030699344
W06000018,2023,0.030131031
W06000019,2023,0.042380865
W06000020,2023,0.035063729
W06000021,2023,0.043907785
W06000022,2023,0.041760672
W06000023,2023,0.04733085
W06000024,2023,0.035356269
S12000005,2023,0.075598614
S12000006,2023,0.062074397
S12000008,2023,0.042229427
S12000010,2023,0.06482528
S12000011,2023,0.027569507
S12000013,2023,0.02948914
S12000014,2023,0.229430552
S12000017,2023,0.047376353
S12000018,2023,0.040011601
S12000019,2023,0.029087551
S12000020,2023,0.072085339
S12000021,2023,0.089586894
S12000023,2023,0.025275368
S12000026,2023,0.045557709
S12000027,2023,0.026779336
S12000028,2023,0.043578763
S12000029,2023,0.031320197
S12000030,2023,0.066152093
S12000033,2023,0.01769377
S12000034,2023,0.035916282
S12000035,2023,0.03005271
S12000036,2023,0.011619971
S12000038,2023,0.02802352
S12000039,2023,0.023419802
S12000040,2023,0.029271078
S12000041,2023,0.048726622
S12000042,2023,0.024959549
S12000045,2023,0.025203658
S12000047,2023,0.075987126
S12000048,2023,0.041226296
S12000049,2023,0.016087281
S12000050,2023,0.02918727
E06000001,2022,0.085928732
E06000002,2022,0.022657564
E06000003,2022,0.080031947
E06000004,2022,0.036031795
E06000005,2022,0.03257434
E06000047,2022,0.034706891
E06000057,2022,0.057251508
E08000021,2022,0.018248927
E08000022,2022,0.024232708
E08000023,2022,0.028811932
E08000024,2022,0.026295234
E08000037,2022,0.034926534
E06000006,2022,0.030277199
E06000007,2022,0.027531852
E06000008,2022,0.026674192
E06000009,2022,0.024031051
E06000049,2022,0.027135752
E06000050,2022,0.082677302
E06000063,2022,0.07414856
E06000064,2022,0.052368018
E07000117,2022,0.028188842
E07000118,2022,0.037985589
E07000119,2022,0.019138954
E07000120,2022,0.043242116
E07000121,2022,0.037425442
E07000122,2022,0.030865868
E07000123,2022,0.02241203
E07000124,2022,0.058543395
E07000125,2022,0.049951507
E07000126,2022,0.020236112
E07000127,2022,0.042898291
E07000128,2022,0.052171727
E08000001,2022,0.025160281
E08000002,2022,0.032961944
E08000003,2022,0.011841937
E08000004,2022,0.027358215
E08000005,2022,0.037915467
E08000006,2022,0.018963854
E08000007,2022,0.018541108
E08000008,2022,0.035252812
E08000009,2022,0.025126457
E08000010,2022,0.032344526
E08000011,2022,0.031537482
E08000012,2022,0.017248624
E08000013,2022,0.074259556
E08000014,2022,0.036881527
E08000015,2022,0.027328562
E06000010,2022,0.031119233
E06000011,2022,0.050540639
E06000012,2022,0.054450829
E06000013,2022,0.277128711
E06000014,2022,0.016303278
E06000065,2022,0.046773169
E08000016,2022,0.049302729
E08000017,2022,0.051814633
E08000018,2022,0.047473419
E08000019,2022,0.022626228
E08000032,2022,0.028900427
E08000033,2022,0.02861199
E08000034,2022,0.03532088
E08000035,2022,0.018827676
E08000036,2022,0.040951546
E06000015,2022,0.022664224
E06000016,2022,0.025721829
E06000017,2022,0.142337164
E06000018,2022,0.016913416
E06000061,2022,0.041221264
E06000062,2022,0.029785162
E07000032,2022,0.041690092
E07000033,2022,0.080249029
E07000034,2022,0.026800329
E07000035,2022,0.058198759
E07000036,2022,0.044642561
E07000037,2022,0.21047188
E07000038,2022,0.049579435
E07000039,2022,0.042534491
E07000129,2022,0.023266067
E07000130,2022,0.03298424
E07000131,2022,0.042148902
E07000132,2022,0.037473294
E07000133,2022,0.038272291
E07000134,2022,0.048359738
E07000135,2022,0.024146429
E07000136,2022,0.035797199
E07000137,2022,0.044513055
E07000138,2022,0.021458074
E07000139,2022,0.032500351
E07000140,2022,0.039231354
E07000141,2022,0.044958774
E07000142,2022,0.045280652
E07000170,2022,0.035003459
E07000171,2022,0.057622329
E07000172,2022,0.042333498
E07000173,2022,0.0374214
E07000174,2022,0.031608957
E07000175,2022,0.064044968
E07000176,2022,0.034020774
E06000019,2022,0.042363838
E06000020,2022,0.028632711
E06000021,2022,0.03926064
E06000051,2022,0.039058181
E07000192,2022,0.023417984
E07000193,2022,0.034548336
E07000194,2022,0.03420938
E07000195,2022,0.057278125
E07000196,2022,0.069986876
E07000197,2022,0.042467137
E07000198,2022,0.093054164
E07000199,2022,0.017793402
E07000218,2022,0.059577904
E07000219,2022,0.026289285
E07000220,2022,0.08440781
E07000221,2022,0.026470408
E07000222,2022,0.017791388
E07000234,2022,0.027374741
E07000235,2022,0.03946436
E07000236,2022,0.02632401
E07000237,2022,0.014282262
E07000238,2022,0.053964347
E07000239,2022,0.033403729
E08000025,2022,0.021591973
E08000026,2022,0.01831051
E08000027,2022,0.027591354
E08000028,2022,0.036683735
E08000029,2022,0.019403924
E08000030,2022,0.033417479
E08000031,2022,0.024490644
E06000031,2022,0.024170205
E06000032,2022,0.015390399
E06000033,2022,0.019345054
E06000034,2022,0.040221874
E06000055,2022,0.035094137
E06000056,2022,0.038131531
E07000008,2022,0.014518276
E07000009,2022,0.045840084
E07000010,2022,0.060447146
E07000011,2022,0.043925682
E07000012,2022,0.031797907
E07000066,2022,0.015224677
E07000067,2022,0.026010058
E07000068,2022,0.020189928
E07000069,2022,0.0233359
E07000070,2022,0.018776385
E07000071,2022,0.020237899
E07000072,2022,0.035939686
E07000073,2022,0.027381284
E07000074,2022,0.034700864
E07000075,2022,0.01807579
E07000076,2022,0.036268584
E07000077,2022,0.044766852
E07000095,2022,0.018140793
E07000096,2022,0.018010752
E07000098,2022,0.02003445
E07000099,2022,0.022406496
E07000102,2022,0.020046127
E07000103,2022,0.009701167
E07000143,2022,0.041691392
E07000144,2022,0.02146652
E07000145,2022,0.021251339
E07000146,2022,0.045317954
E07000147,2022,0.045108739
E07000148,2022,0.018367044
E07000149,2022,0.035036672
E07000200,2022,0.041352096
E07000202,2022,0.01169739
E07000203,2022,0.045538735
E07000240,2022,0.026667525
E07000241,2022,0.016952118
E07000242,2022,0.019688392
E07000243,2022,0.024143584
E07000244,2022,0.030535666
E07000245,2022,0.048610299
E09000001,2022,0.002248234
E09000007,2022,0.007630229
E09000012,2022,0.009043613
E09000013,2022,0.011507627
E09000014,2022,0.022162049
E09000019,2022,0.005935889
E09000020,2022,0.016544897
E09000022,2022,0.01044696
E09000023,2022,0.020911486
E09000025,2022,0.031623375
E09000028,2022,0.008946164
E09000030,2022,0.007727068
E09000032,2022,0.016520498
E09000033,2022,0.00612125
E09000002,2022,0.021660795
E09000003,2022,0.01477287
E09000004,2022,0.020216399
E09000005,2022,0.016330695
E09000006,2022,0.012279136
E09000008,2022,0.012196529
E09000009,2022,0.020323576
E09000010,2022,0.020409383
E09000011,2022,0.022038599
E09000015,2022,0.009770444
E09000016,2022,0.01845284
E09000017,2022,0.019629971
E09000018,2022,0.010018443
E09000021,2022,0.014487439
E09000024,2022,0.013967976
E09000026,2022,0.015158798
E09000027,2022,0.009181202
E09000029,2022,0.016209204
E09000031,2022,0.018666455
E06000035,2022,0.019513232
E06000036,2022,0.01231843
E06000037,2022,0.024225768
E06000038,2022,0.008775315
E06000039,2022,0.018646251
E06000040,2022,0.013396956
E06000041,2022,0.009816781
E06000042,2022,0.014430003
E06000043,2022,0.01020538
E06000044,2022,0.018537893
E06000045,2022,0.01355898
E06000046,2022,0.026542259
E06000060,2022,0.020705409
E07000061,2022,0.018479832
E07000062,2022,0.018352087
E07000063,2022,0.020549124
E07000064,2022,0.050821643
E07000065,2022,0.026006087
E07000084,2022,0.018501167
E07000085,2022,0.025090097
E07000086,2022,0.016438708
E07000087,2022,0.016945206
E07000088,2022,0.022046984
E07000089,2022,0.019585189
E07000090,2022,0.01802525
E07000091,2022,0.223402912
E07000092,2022,0.007992467
E07000093,2022,0.029740367
E07000094,2022,0.021338856
E07000105,2022,0.027706004
E07000106,2022,0.02092869
E07000107,2022,0.02844236
E07000108,2022,0.025609783
E07000109,2022,0.032877216
E07000110,2022,0.023996201
E07000111,2022,0.025616676
E07000112,2022,0.025963413
E07000113,2022,0.045222403
E07000114,2022,0.038959478
E07000115,2022,0.022322931
E07000116,2022,0.016334524
E07000177,2022,0.039012191
E07000178,2022,0.016773204
E07000179,2022,0.02551197
E07000180,2022,0.023908942
E07000181,2022,0.024262438
E07000207,2022,0.011475485
E07000208,2022,0.011944264
E07000209,2022,0.016515153
E07000210,2022,0.017860406
E07000211,2022,0.01350198
E07000212,2022,0.012554186
E07000213,2022,0.013595733
E07000214,2022,0.017364217
E07000215,2022,0.037016167
E07000216,2022,0.015864041
E07000217,2022,0.018718875
E07000223,2022,0.024582466
E07000224,2022,0.022943708
E07000225,2022,0.0268915
E07000226,2022,0.017474779
E07000227,2022,0.023523373
E07000228,2022,0.022087627
E07000229,2022,0.008372539
E06000022,2022,0.017029058
E06000023,2022,0.01289547
E06000024,2022,0.03323466
E06000025,2022,0.017621397
E06000026,2022,0.01931809
E06000027,2022,0.023883409
E06000030,2022,0.012118815
E06000052,2022,0.029467488
E06000053,2022,0.020990321
E06000054,2022,0.030090589
E06000058,2022,0.013875374
E06000059,2022,0.027574913
E06000066,2022,0.035603575
E07000040,2022,0.02456185
E07000041,2022,0.013081166
E07000042,2022,0.051020249
E07000043,2022,0.027639557
E07000044,2022,0.033142364
E07000045,2022,0.032603221
E07000046,2022,0.033770413
E07000047,2022,0.065335257
E07000078,2022,0.014198828
E07000079,2022,0.022012772
E07000080,2022,0.039145877
E07000081,2022,0.021655183
E07000082,2022,0.038012549
E07000083,2022,0.031149677
W06000001,2022,0.035053324
W06000002,2022,0.03586497
W06000003,2022,0.034261369
W06000004,2022,0.029384454
W06000005,2022,0.065729501
W06000006,2022,0.070419164
W06000008,2022,0.048633133
W06000009,2022,0.311171372
W06000010,2022,0.041935407
W06000011,2022,0.027018162
W06000012,2022,0.207823984
W06000013,2022,0.04053758
W06000014,2022,0.057908006
W06000015,2022,0.018704695
W06000016,2022,0.031747314
W06000018,2022,0.031378667
W06000019,2022,0.051302015
W06000020,2022,0.036480148
W06000021,2022,0.044968733
W06000022,2022,0.042320691
W06000023,2022,0.0484325
W06000024,2022,0.039288451
S12000005,2022,0.067296168
S12000006,2022,0.062680418
S12000008,2022,0.043522471
S12000010,2022,0.062777918
S12000011,2022,0.028739216
S12000013,2022,0.028906869
S12000014,2022,0.279587526
S12000017,2022,0.050326251
S12000018,2022,0.043545976
S12000019,2022,0.029611924
S12000020,2022,0.07262388
S12000021,2022,0.106976965
S12000023,2022,0.024733307
S12000026,2022,0.04503045
S12000027,2022,0.024506917
S12000028,2022,0.044782904
S12000029,2022,0.032995339
S12000030,2022,0.0648367
S12000033,2022,0.018255593
S12000034,2022,0.035374467
S12000035,2022,0.030759825
S12000036,2022,0.012067096
S12000038,2022,0.030269366
S12000039,2022,0.02582045
S12000040,2022,0.030193895
S12000041,2022,0.046638503
S12000042,2022,0.025739673
S12000045,2022,0.02619288
S12000047,2022,0.076510469
S12000048,2022,0.040486939
S12000049,2022,0.017347459
S12000050,2022,0.030024291
E06000001,2021,0.081877904
E06000002,2021,0.024145797
E06000003,2021,0.087360645
E06000004,2021,0.039701398
E06000005,2021,0.035949371
E06000047,2021,0.036135847
E06000057,2021,0.061295613
E08000021,2021,0.020068992
E08000022,2021,0.026098966
E08000023,2021,0.02804168
E08000024,2021,0.026655983
E08000037,2021,0.035001071
E06000006,2021,0.034322739
E06000007,2021,0.02942766
E06000008,2021,0.031054934
E06000009,2021,0.026628419
E06000049,2021,0.029694584
E06000050,2021,0.084103904
E06000063,2021,0.068029879
E06000064,2021,0.056271444
E07000117,2021,0.029630693
E07000118,2021,0.039592683
E07000119,2021,0.020274808
E07000120,2021,0.047782505
E07000121,2021,0.03961175
E07000122,2021,0.03060853
E07000123,2021,0.024600633
E07000124,2021,0.05688047
E07000125,2021,0.053451453
E07000126,2021,0.021817254
E07000127,2021,0.046614236
E07000128,2021,0.05591671
E08000001,2021,0.026459079
E08000002,2021,0.035541156
E08000003,2021,0.013713668
E08000004,2021,0.031777942
E08000005,2021,0.042953162
E08000006,2021,0.02189986
E08000007,2021,0.019424201
E08000008,2021,0.038148558
E08000009,2021,0.027498651
E08000010,2021,0.035436382
E08000011,2021,0.034532776
E08000012,2021,0.019030276
E08000013,2021,0.069454381
E08000014,2021,0.038422877
E08000015,2021,0.029424617
E06000010,2021,0.031279375
E06000011,2021,0.050903788
E06000012,2021,0.052944042
E06000013,2021,0.279958845
E06000014,2021,0.018331896
E06000065,2021,0.050393977
E08000016,2021,0.053239945
E08000017,2021,0.058355918
E08000018,2021,0.048952725
E08000019,2021,0.023773945
E08000032,2021,0.03181267
E08000033,2021,0.02627653
E08000034,2021,0.038033174
E08000035,2021,0.021085048
E08000036,2021,0.043049159
E06000015,2021,0.020353473
E06000016,2021,0.025909366
E06000017,2021,0.175310712
E06000018,2021,0.018562794
E06000061,2021,0.042890863
E06000062,2021,0.030346209
E07000032,2021,0.044093498
E07000033,2021,0.081852869
E07000034,2021,0.026458815
E07000035,2021,0.059963078
E07000036,2021,0.044728062
E07000037,2021,0.222438624
E07000038,2021,0.050030752
E07000039,2021,0.036632984
E07000129,2021,0.025671042
E07000130,2021,0.034359517
E07000131,2021,0.042246379
E07000132,2021,0.038593634
E07000133,2021,0.040289229
E07000134,2021,0.049664303
E07000135,2021,0.025536235
E07000136,2021,0.035521581
E07000137,2021,0.045281647
E07000138,2021,0.02218033
E07000139,2021,0.033435356
E07000140,2021,0.03717624
E07000141,2021,0.046790728
E07000142,2021,0.047803195
E07000170,2021,0.035235143
E07000171,2021,0.059325501
E07000172,2021,0.045420018
E07000173,2021,0.039143051
E07000174,2021,0.032914491
E07000175,2021,0.067116255
E07000176,2021,0.037839735
E06000019,2021,0.043823063
E06000020,2021,0.027798578
E06000021,2021,0.036551392
E06000051,2021,0.039909015
E07000192,2021,0.023684342
E07000193,2021,0.032761815
E07000194,2021,0.035647872
E07000195,2021,0.056409914
E07000196,2021,0.06742991
E07000197,2021,0.041109579
E07000198,2021,0.095254231
E07000199,2021,0.019371803
E07000218,2021,0.059753568
E07000219,2021,0.027680845
E07000220,2021,0.111017123
E07000221,2021,0.027487131
E07000222,2021,0.019165379
E07000234,2021,0.030085808
E07000235,2021,0.042737136
E07000236,2021,0.022910049
E07000237,2021,0.016146867
E07000238,2021,0.055854026
E07000239,2021,0.03490338
E08000025,2021,0.022940712
E08000026,2021,0.019492281
E08000027,2021,0.028667676
E08000028,2021,0.03691629
E08000029,2021,0.019890595
E08000030,2021,0.034081043
E08000031,2021,0.02594448
E06000031,2021,0.022682141
E06000032,2021,0.019922668
E06000033,2021,0.018867141
E06000034,2021,0.045070557
E06000055,2021,0.031056863
E06000056,2021,0.038493422
E07000008,2021,0.016104359
E07000009,2021,0.039734848
E07000010,2021,0.063184612
E07000011,2021,0.045400544
E07000012,2021,0.034246033
E07000066,2021,0.016422703
E07000067,2021,0.025187164
E07000068,2021,0.019620191
E07000069,2021,0.025248462
E07000070,2021,0.019721012
E07000071,2021,0.020970802
E07000072,2021,0.035728773
E07000073,2021,0.028059674
E07000074,2021,0.041064279
E07000075,2021,0.020378082
E07000076,2021,0.038482241
E07000077,2021,0.051560715
E07000095,2021,0.018724474
E07000096,2021,0.018333761
E07000098,2021,0.019156431
E07000099,2021,0.021464415
E07000102,2021,0.019837
E07000103,2021,0.009854375
E07000143,2021,0.043174847
E07000144,2021,0.02144449
E07000145,2021,0.023403484
E07000146,2021,0.04685075
E07000147,2021,0.044873756
E07000148,2021,0.020009118
E07000149,2021,0.035382607
E07000200,2021,0.043410304
E07000202,2021,0.012316282
E07000203,2021,0.045936236
E07000240,2021,0.027301877
E07000241,2021,0.016567365
E07000242,2021,0.020348081
E07000243,2021,0.024975128
E07000244,2021,0.03339342
E07000245,2021,0.048591094
E09000001,2021,0.002269074
E09000007,2021,0.008600311
E09000012,2021,0.01025596
E09000013,2021,0.011615083
E09000014,2021,0.024866661
E09000019,2021,0.006812086
E09000020,2021,0.019204562
E09000022,2021,0.01231103
E09000023,2021,0.021787254
E09000025,2021,0.03233356
E09000028,2021,0.009824794
E09000030,2021,0.008329704
E09000032,2021,0.018194815
E09000033,2021,0.006650227
E09000002,2021,0.022675789
E09000003,2021,0.016711655
E09000004,2021,0.020475122
E09000005,2021,0.018413033
E09000006,2021,0.013606827
E09000008,2021,0.013243476
E09000009,2021,0.021005387
E09000010,2021,0.0203598
E09000011,2021,0.025574657
E09000015,2021,0.01066572
E09000016,2021,0.020877894
E09000017,2021,0.02206138
E09000018,2021,0.012833785
E09000021,2021,0.016507648
E09000024,2021,0.014745075
E09000026,2021,0.016832572
E09000027,2021,0.010000662
E09000029,2021,0.017991479
E09000031,2021,0.021379056
E06000035,2021,0.019093948
E06000036,2021,0.012885079
E06000037,2021,0.022386874
E06000038,2021,0.009457349
E06000039,2021,0.017683293
E06000040,2021,0.013655508
E06000041,2021,0.009853835
E06000042,2021,0.015279657
E06000043,2021,0.010636427
E06000044,2021,0.019380358
E06000045,2021,0.013347812
E06000046,2021,0.028614995
E06000060,2021,0.021007244
E07000061,2021,0.019471549
E07000062,2021,0.018596243
E07000063,2021,0.022270593
E07000064,2021,0.057773244
E07000065,2021,0.026953398
E07000084,2021,0.020611122
E07000085,2021,0.025535079
E07000086,2021,0.016660647
E07000087,2021,0.019056521
E07000088,2021,0.023140502
E07000089,2021,0.020081703
E07000090,2021,0.019027997
E07000091,2021,0.214741652
E07000092,2021,0.008359467
E07000093,2021,0.031074347
E07000094,2021,0.020861797
E07000105,2021,0.028764437
E07000106,2021,0.023490503
E07000107,2021,0.026435683
E07000108,2021,0.028939308
E07000109,2021,0.035464793
E07000110,2021,0.025912046
E07000111,2021,0.026372849
E07000112,2021,0.027628365
E07000113,2021,0.045023324
E07000114,2021,0.04014355
E07000115,2021,0.02230044
E07000116,2021,0.017218676
E07000177,2021,0.041098463
E07000178,2021,0.019020748
E07000179,2021,0.025799733
E07000180,2021,0.025418957
E07000181,2021,0.025911388
E07000207,2021,0.011071442
E07000208,2021,0.012594212
E07000209,2021,0.017155897
E07000210,2021,0.018696189
E07000211,2021,0.014104184
E07000212,2021,0.013984794
E07000213,2021,0.01411698
E07000214,2021,0.017611577
E07000215,2021,0.038464451
E07000216,2021,0.017025864
E07000217,2021,0.0188546
E07000223,2021,0.025426909
E07000224,2021,0.025063065
E07000225,2021,0.027923953
E07000226,2021,0.021716598
E07000227,2021,0.023028198
E07000228,2021,0.023011406
E07000229,2021,0.008358373
E06000022,2021,0.018297735
E06000023,2021,0.013464077
E06000024,2021,0.035105951
E06000025,2021,0.018669821
E06000026,2021,0.02048815
E06000027,2021,0.025305511
E06000030,2021,0.014362239
E06000052,2021,0.029932954
E06000053,2021,0.01900667
E06000054,2021,0.031728456
E06000058,2021,0.014534358
E06000059,2021,0.029206182
E06000066,2021,0.036123345
E07000040,2021,0.026376473
E07000041,2021,0.012824937
E07000042,2021,0.0555874
E07000043,2021,0.030548912
E07000044,2021,0.033795321
E07000045,2021,0.033854762
E07000046,2021,0.038566576
E07000047,2021,0.067073826
E07000078,2021,0.014772081
E07000079,2021,0.021947547
E07000080,2021,0.037956223
E07000081,2021,0.023552331
E07000082,2021,0.042043182
E07000083,2021,0.031734795
W06000001,2021,0.03955118
W06000002,2021,0.036716649
W06000003,2021,0.036425491
W06000004,2021,0.031422011
W06000005,2021,0.071845884
W06000006,2021,0.075420837
W06000008,2021,0.053001461
W06000009,2021,0.29774134
W06000010,2021,0.044257204
W06000011,2021,0.028750298
W06000012,2021,0.221856623
W06000013,2021,0.037861414
W06000014,2021,0.060287
W06000015,2021,0.019789276
W06000016,2021,0.034281233
W06000018,2021,0.03124848
W06000019,2021,0.05440663
W06000020,2021,0.038742784
W06000021,2021,0.04610605
W06000022,2021,0.045866276
W06000023,2021,0.050620335
W06000024,2021,0.040060674
S12000005,2021,0.072624123
S12000006,2021,0.065555569
S12000008,2021,0.046846171
S12000010,2021,0.067937018
S12000011,2021,0.030709694
S12000013,2021,0.028464242
S12000014,2021,0.252323145
S12000017,2021,0.047644469
S12000018,2021,0.043196421
S12000019,2021,0.03129306
S12000020,2021,0.074923013
S12000021,2021,0.112383319
S12000023,2021,0.027598211
S12000026,2021,0.045860111
S12000027,2021,0.025358459
S12000028,2021,0.049109267
S12000029,2021,0.033924836
S12000030,2021,0.066181145
S12000033,2021,0.018405251
S12000034,2021,0.03477667
S12000035,2021,0.031832888
S12000036,2021,0.013184991
S12000038,2021,0.02725125
S12000039,2021,0.025834454
S12000040,2021,0.030837988
S12000041,2021,0.050635003
S12000042,2021,0.028148571
S12000045,2021,0.028863968
S12000047,2021,0.072015087
S12000048,2021,0.039101691
S12000049,2021,0.018899155
S12000050,2021,0.030317251
E06000001,2020,0.078478578
E06000002,2020,0.030262316
E06000003,2020,0.30467834
E06000004,2020,0.042434833
E06000005,2020,0.041460717
E06000047,2020,0.036093162
E06000057,2020,0.06279739
E08000021,2020,0.022884066
E08000022,2020,0.029352924
E08000023,2020,0.031374452
E08000024,2020,0.027445334
E08000037,2020,0.039296543
E06000006,2020,0.039964127
E06000007,2020,0.029136286
E06000008,2020,0.035304551
E06000009,2020,0.026702041
E06000049,2020,0.02969643
E06000050,2020,0.086817195
E06000063,2020,0.090283327
E06000064,2020,0.055644669
E07000117,2020,0.032909573
E07000118,2020,0.042162922
E07000119,2020,0.021777334
E07000120,2020,0.048469555
E07000121,2020,0.03889176
E07000122,2020,0.032498153
E07000123,2020,0.030187781
E07000124,2020,0.063256846
E07000125,2020,0.057371655
E07000126,2020,0.023880761
E07000127,2020,0.051290525
E07000128,2020,0.058864443
E08000001,2020,0.027218971
E08000002,2020,0.034151064
E08000003,2020,0.015071675
E08000004,2020,0.030415772
E08000005,2020,0.043501418
E08000006,2020,0.022782669
E08000007,2020,0.021300353
E08000008,2020,0.038532667
E08000009,2020,0.026419597
E08000010,2020,0.038012498
E08000011,2020,0.03495694
E08000012,2020,0.021833459
E08000013,2020,0.079405215
E08000014,2020,0.042738278
E08000015,2020,0.031681098
E06000010,2020,0.037880407
E06000011,2020,0.058657391
E06000012,2020,0.060527523
E06000013,2020,0.359978867
E06000014,2020,0.019135496
E06000065,2020,0.051858828
E08000016,2020,0.05585106
E08000017,2020,0.057973652
E08000018,2020,0.055405973
E08000019,2020,0.026936377
E08000032,2020,0.03339858
E08000033,2020,0.028863347
E08000034,2020,0.039576681
E08000035,2020,0.023410238
E08000036,2020,0.04538954
E06000015,2020,0.022037464
E06000016,2020,0.029088129
E06000017,2020,0.165458175
E06000018,2020,0.019433521
E06000061,2020,0.044490233
E06000062,2020,0.031754316
E07000032,2020,0.042593915
E07000033,2020,0.078293675
E07000034,2020,0.029490732
E07000035,2020,0.05869704
E07000036,2020,0.045345823
E07000037,2020,0.208928394
E07000038,2020,0.048843855
E07000039,2020,0.034377863
E07000129,2020,0.026572405
E07000130,2020,0.03622703
E07000131,2020,0.041813811
E07000132,2020,0.041258433
E07000133,2020,0.04078454
E07000134,2020,0.056725652
E07000135,2020,0.027322009
E07000136,2020,0.036449066
E07000137,2020,0.045809341
E07000138,2020,0.021762059
E07000139,2020,0.034750123
E07000140,2020,0.040412341
E07000141,2020,0.0466992
E07000142,2020,0.052280136
E07000170,2020,0.037754738
E07000171,2020,0.057001634
E07000172,2020,0.046353213
E07000173,2020,0.039608979
E07000174,2020,0.031992383
E07000175,2020,0.070656058
E07000176,2020,0.03644863
E06000019,2020,0.044313185
E06000020,2020,0.030806819
E06000021,2020,0.039226634
E06000051,2020,0.043373948
E07000192,2020,0.025885183
E07000193,2020,0.038066675
E07000194,2020,0.034612179
E07000195,2020,0.059437637
E07000196,2020,0.069881454
E07000197,2020,0.043283693
E07000198,2020,0.103718492
E07000199,2020,0.022497324
E07000218,2020,0.058718105
E07000219,2020,0.027753354
E07000220,2020,0.097015133
E07000221,2020,0.026637395
E07000222,2020,0.017979501
E07000234,2020,0.026963178
E07000235,2020,0.037332321
E07000236,2020,0.022179754
E07000237,2020,0.016212712
E07000238,2020,0.050830443
E07000239,2020,0.034250787
E08000025,2020,0.024624227
E08000026,2020,0.020274195
E08000027,2020,0.030467849
E08000028,2020,0.037632518
E08000029,2020,0.020655461
E08000030,2020,0.036324915
E08000031,2020,0.028642528
E06000031,2020,0.023381144
E06000032,2020,0.022111526
E06000033,2020,0.021179032
E06000034,2020,0.050966317
E06000055,2020,0.041266467
E06000056,2020,0.041126695
E07000008,2020,0.016797518
E07000009,2020,0.03792402
E07000010,2020,0.06492952
E07000011,2020,0.044656916
E07000012,2020,0.033196915
E07000066,2020,0.019587385
E07000067,2020,0.027877094
E07000068,2020,0.02186896
E07000069,2020,0.027659215
E07000070,2020,0.021489803
E07000071,2020,0.022649348
E07000072,2020,0.041812434
E07000073,2020,0.029955654
E07000074,2020,0.044743847
E07000075,2020,0.021746734
E07000076,2020,0.040560924
E07000077,2020,0.054515005
E07000095,2020,0.02116379
E07000096,2020,0.019905884
E07000098,2020,0.022910902
E07000099,2020,0.022682011
E07000102,2020,0.018407222
E07000103,2020,0.010721094
E07000143,2020,0.043770761
E07000144,2020,0.024800898
E07000145,2020,0.023344716
E07000146,2020,0.046290653
E07000147,2020,0.046051945
E07000148,2020,0.018619533
E07000149,2020,0.038188492
E07000200,2020,0.044788769
E07000202,2020,0.012613779
E07000203,2020,0.045989021
E07000240,2020,0.029579594
E07000241,2020,0.017576499
E07000242,2020,0.022233694
E07000243,2020,0.028884569
E07000244,2020,0.03392128
E07000245,2020,0.049978262
E09000001,2020,0.002477606
E09000007,2020,0.009451056
E09000012,2020,0.011279428
E09000013,2020,0.011934599
E09000014,2020,0.027971161
E09000019,2020,0.007296738
E09000020,2020,0.019836777
E09000022,2020,0.013868279
E09000023,2020,0.023765446
E09000025,2020,0.036056497
E09000028,2020,0.009995718
E09000030,2020,0.008308368
E09000032,2020,0.019610038
E09000033,2020,0.006906812
E09000002,2020,0.026645005
E09000003,2020,0.018613551
E09000004,2020,0.020644046
E09000005,2020,0.019015154
E09000006,2020,0.013743034
E09000008,2020,0.013504677
E09000009,2020,0.020261634
E09000010,2020,0.022554549
E09000011,2020,0.027011281
E09000015,2020,0.011629966
E09000016,2020,0.023487647
E09000017,2020,0.022461414
E09000018,2020,0.012440452
E09000021,2020,0.016072782
E09000024,2020,0.015570091
E09000026,2020,0.018851789
E09000027,2020,0.009783916
E09000029,2020,0.019769754
E09000031,2020,0.023203173
E06000035,2020,0.019264086
E06000036,2020,0.013703892
E06000037,2020,0.021815211
E06000038,2020,0.010065473
E06000039,2020,0.017892084
E06000040,2020,0.013586488
E06000041,2020,0.010043188
E06000042,2020,0.016195391
E06000043,2020,0.011185154
E06000044,2020,0.02030139
E06000045,2020,0.013702074
E06000046,2020,0.028989246
E06000060,2020,0.021204798
E07000061,2020,0.020499645
E07000062,2020,0.02037783
E07000063,2020,0.021042268
E07000064,2020,0.05018819
E07000065,2020,0.027950836
E07000084,2020,0.021499754
E07000085,2020,0.02475307
E07000086,2020,0.017861225
E07000087,2020,0.019131721
E07000088,2020,0.025173436
E07000089,2020,0.019727119
E07000090,2020,0.018470885
E07000091,2020,0.209734212
E07000092,2020,0.008512478
E07000093,2020,0.03129665
E07000094,2020,0.022058598
E07000105,2020,0.028008614
E07000106,2020,0.02548459
E07000107,2020,0.026523844
E07000108,2020,0.03039904
E07000109,2020,0.040274098
E07000110,2020,0.027465903
E07000111,2020,0.025766706
E07000112,2020,0.025813857
E07000113,2020,0.046207416
E07000114,2020,0.043628887
E07000115,2020,0.022049366
E07000116,2020,0.017137031
E07000177,2020,0.04049737
E07000178,2020,0.020270353
E07000179,2020,0.024094875
E07000180,2020,0.024861092
E07000181,2020,0.024426968
E07000207,2020,0.0108398
E07000208,2020,0.012165779
E07000209,2020,0.018079754
E07000210,2020,0.017680992
E07000211,2020,0.015359609
E07000212,2020,0.012434429
E07000213,2020,0.01442177
E07000214,2020,0.015833489
E07000215,2020,0.037642884
E07000216,2020,0.017494609
E07000217,2020,0.019898725
E07000223,2020,0.02548164
E07000224,2020,0.026871915
E07000225,2020,0.030707145
E07000226,2020,0.023303503
E07000227,2020,0.022515689
E07000228,2020,0.023105627
E07000229,2020,0.009016293
E06000022,2020,0.019743565
E06000023,2020,0.015250799
E06000024,2020,0.037344215
E06000025,2020,0.018334652
E06000026,2020,0.022223566
E06000027,2020,0.033072079
E06000030,2020,0.016158774
E06000052,2020,0.032799835
E06000053,2020,0.019509087
E06000054,2020,0.032948586
E06000058,2020,0.015311999
E06000059,2020,0.028934536
E06000066,2020,0.035297059
E07000040,2020,0.02653683
E07000041,2020,0.016374482
E07000042,2020,0.060432418
E07000043,2020,0.034569676
E07000044,2020,0.037360522
E07000045,2020,0.037282435
E07000046,2020,0.041104345
E07000047,2020,0.068609343
E07000078,2020,0.016196211
E07000079,2020,0.020324671
E07000080,2020,0.033712117
E07000081,2020,0.025281599
E07000082,2020,0.043846204
E07000083,2020,0.034385124
W06000001,2020,0.041478345
W06000002,2020,0.03752517
W06000003,2020,0.03459619
W06000004,2020,0.031990204
W06000005,2020,0.074905303
W06000006,2020,0.082036573
W06000008,2020,0.053852215
W06000009,2020,0.358151839
W06000010,2020,0.044550428
W06000011,2020,0.029928255
W06000012,2020,0.221585445
W06000013,2020,0.040888481
W06000014,2020,0.058740066
W06000015,2020,0.02016083
W06000016,2020,0.034617485
W06000018,2020,0.032155363
W06000019,2020,0.05519626
W06000020,2020,0.042272209
W06000021,2020,0.047373003
W06000022,2020,0.047807333
W06000023,2020,0.048039173
W06000024,2020,0.041506471
S12000005,2020,0.092023492
S12000006,2020,0.062259602
S12000008,2020,0.047619946
S12000010,2020,0.066710216
S12000011,2020,0.030788193
S12000013,2020,0.027919845
S12000014,2020,0.301116536
S12000017,2020,0.041847701
S12000018,2020,0.052719103
S12000019,2020,0.029935737
S12000020,2020,0.076255209
S12000021,2020,0.11477311
S12000023,2020,0.027664594
S12000026,2020,0.044867446
S12000027,2020,0.02472383
S12000028,2020,0.046782484
S12000029,2020,0.03259454
S12000030,2020,0.072453602
S12000033,2020,0.018732043
S12000034,2020,0.032377883
S12000035,2020,0.031108524
S12000036,2020,0.013851122
S12000038,2020,0.028242404
S12000039,2020,0.028109834
S12000040,2020,0.0320209
S12000041,2020,0.052724996
S12000042,2020,0.038612542
S12000045,2020,0.030230321
S12000047,2020,0.093533607
S12000048,2020,0.037857424
S12000049,2020,0.0201347
S12000050,2020,0.031664158
E06000001,2019,0.068991524
E06000002,2019,0.024183176
E06000003,2019,0.373368601
E06000004,2019,0.043909625
E06000005,2019,0.037198171
E06000047,2019,0.036573994
E06000057,2019,0.058666243
E08000021,2019,0.020445693
E08000022,2019,0.026291189
E08000023,2019,0.027401839
E08000024,2019,0.024894356
E08000037,2019,0.033995424
E06000006,2019,0.035085433
E06000007,2019,0.028551069
E06000008,2019,0.032029029
E06000009,2019,0.024316515
E06000049,2019,0.027367832
E06000050,2019,0.082076675
E06000063,2019,0.077942328
E06000064,2019,0.054465559
E07000117,2019,0.031991497
E07000118,2019,0.039525734
E07000119,2019,0.021320648
E07000120,2019,0.04253738
E07000121,2019,0.039605844
E07000122,2019,0.031587668
E07000123,2019,0.022539842
E07000124,2019,0.074958525
E07000125,2019,0.05076986
E07000126,2019,0.025182676
E07000127,2019,0.047431591
E07000128,2019,0.048816762
E08000001,2019,0.027310334
E08000002,2019,0.032124897
E08000003,2019,0.014984189
E08000004,2019,0.025988246
E08000005,2019,0.040868984
E08000006,2019,0.023301305
E08000007,2019,0.021442833
E08000008,2019,0.034433402
E08000009,2019,0.030619108
E08000010,2019,0.034994183
E08000011,2019,0.032669773
E08000012,2019,0.020438984
E08000013,2019,0.0657611
E08000014,2019,0.040953957
E08000015,2019,0.029188427
E06000010,2019,0.032334245
E06000011,2019,0.057871364
E06000012,2019,0.060259604
E06000013,2019,0.339679935
E06000014,2019,0.017952094
E06000065,2019,0.048581939
E08000016,2019,0.050580074
E08000017,2019,0.05555264
E08000018,2019,0.051392294
E08000019,2019,0.027350462
E08000032,2019,0.032165572
E08000033,2019,0.027901489
E08000034,2019,0.037921594
E08000035,2019,0.021762219
E08000036,2019,0.042376714
E06000015,2019,0.021700135
E06000016,2019,0.026552975
E06000017,2019,0.162700705
E06000018,2019,0.017280565
E06000061,2019,0.045477769
E06000062,2019,0.029739655
E07000032,2019,0.041527358
E07000033,2019,0.076502431
E07000034,2019,0.027580703
E07000035,2019,0.058076556
E07000036,2019,0.040594636
E07000037,2019,0.207309246
E07000038,2019,0.050469562
E07000039,2019,0.034364898
E07000129,2019,0.023200658
E07000130,2019,0.034845476
E07000131,2019,0.040364527
E07000132,2019,0.036981858
E07000133,2019,0.038737625
E07000134,2019,0.051483807
E07000135,2019,0.026340312
E07000136,2019,0.031820227
E07000137,2019,0.044511946
E07000138,2019,0.020900137
E07000139,2019,0.032766234
E07000140,2019,0.0396837
E07000141,2019,0.044968936
E07000142,2019,0.051398061
E07000170,2019,0.034528652
E07000171,2019,0.055931318
E07000172,2019,0.049459808
E07000173,2019,0.038200242
E07000174,2019,0.02898553
E07000175,2019,0.070389206
E07000176,2019,0.032922474
E06000019,2019,0.043616805
E06000020,2019,0.030677304
E06000021,2019,0.035237858
E06000051,2019,0.039990729
E07000192,2019,0.022922511
E07000193,2019,0.033739916
E07000194,2019,0.034025508
E07000195,2019,0.05027661
E07000196,2019,0.071053987
E07000197,2019,0.041757623
E07000198,2019,0.097242768
E07000199,2019,0.021819688
E07000218,2019,0.054984069
E07000219,2019,0.026223446
E07000220,2019,0.094545167
E07000221,2019,0.025964451
E07000222,2019,0.017959271
E07000234,2019,0.027847426
E07000235,2019,0.0361025
E07000236,2019,0.022950991
E07000237,2019,0.015569394
E07000238,2019,0.051018444
E07000239,2019,0.033630027
E08000025,2019,0.022535097
E08000026,2019,0.018614068
E08000027,2019,0.02812674
E08000028,2019,0.035499249
E08000029,2019,0.019043974
E08000030,2019,0.032960718
E08000031,2019,0.024356245
E06000031,2019,0.02267312
E06000032,2019,0.018104982
E06000033,2019,0.018347983
E06000034,2019,0.043585721
E06000055,2019,0.035312094
E06000056,2019,0.036825203
E07000008,2019,0.016313471
E07000009,2019,0.038220856
E07000010,2019,0.061461388
E07000011,2019,0.039759243
E07000012,2019,0.031971791
E07000066,2019,0.017377417
E07000067,2019,0.025432168
E07000068,2019,0.018293431
E07000069,2019,0.022647447
E07000070,2019,0.021384216
E07000071,2019,0.019804573
E07000072,2019,0.035779234
E07000073,2019,0.026189316
E07000074,2019,0.039420471
E07000075,2019,0.022279206
E07000076,2019,0.038868488
E07000077,2019,0.05405825
E07000095,2019,0.019568136
E07000096,2019,0.018487843
E07000098,2019,0.021968048
E07000099,2019,0.023789973
E07000102,2019,0.0170589
E07000103,2019,0.009914092
E07000143,2019,0.04425182
E07000144,2019,0.024294922
E07000145,2019,0.022134335
E07000146,2019,0.045912962
E07000147,2019,0.044299285
E07000148,2019,0.017510848
E07000149,2019,0.035417322
E07000200,2019,0.044862541
E07000202,2019,0.012217192
E07000203,2019,0.048177862
E07000240,2019,0.025464063
E07000241,2019,0.017590965
E07000242,2019,0.021365867
E07000243,2019,0.025735328
E07000244,2019,0.031164154
E07000245,2019,0.043252947
E09000001,2019,0.00297864
E09000007,2019,0.007899189
E09000012,2019,0.011502879
E09000013,2019,0.011356373
E09000014,2019,0.023544514
E09000019,2019,0.007174945
E09000020,2019,0.017059736
E09000022,2019,0.011604623
E09000023,2019,0.021887202
E09000025,2019,0.034724762
E09000028,2019,0.009898954
E09000030,2019,0.008084459
E09000032,2019,0.016183158
E09000033,2019,0.007061995
E09000002,2019,0.022307757
E09000003,2019,0.016919133
E09000004,2019,0.018919634
E09000005,2019,0.01661382
E09000006,2019,0.012609675
E09000008,2019,0.012838104
E09000009,2019,0.019584436
E09000010,2019,0.020256495
E09000011,2019,0.022147517
E09000015,2019,0.010361356
E09000016,2019,0.020372894
E09000017,2019,0.018094893
E09000018,2019,0.009557169
E09000021,2019,0.013689334
E09000024,2019,0.014481065
E09000026,2019,0.016547943
E09000027,2019,0.008598659
E09000029,2019,0.016323912
E09000031,2019,0.019942774
E06000035,2019,0.019341737
E06000036,2019,0.012341819
E06000037,2019,0.025881108
E06000038,2019,0.010269084
E06000039,2019,0.018638639
E06000040,2019,0.013686859
E06000041,2019,0.011054488
E06000042,2019,0.015176795
E06000043,2019,0.011481251
E06000044,2019,0.018344393
E06000045,2019,0.013314226
E06000046,2019,0.02698379
E06000060,2019,0.020517559
E07000061,2019,0.01864513
E07000062,2019,0.018570911
E07000063,2019,0.021639982
E07000064,2019,0.048732273
E07000065,2019,0.027164959
E07000084,2019,0.021031879
E07000085,2019,0.024304675
E07000086,2019,0.01665584
E07000087,2019,0.019597159
E07000088,2019,0.024779218
E07000089,2019,0.017820263
E07000090,2019,0.018548079
E07000091,2019,0.225290458
E07000092,2019,0.008617093
E07000093,2019,0.031199387
E07000094,2019,0.020412974
E07000105,2019,0.026913492
E07000106,2019,0.023803855
E07000107,2019,0.023850781
E07000108,2019,0.028206251
E07000109,2019,0.043235877
E07000110,2019,0.025378471
E07000111,2019,0.026924364
E07000112,2019,0.025492406
E07000113,2019,0.043990844
E07000114,2019,0.038459257
E07000115,2019,0.022118973
E07000116,2019,0.016295479
E07000177,2019,0.040275103
E07000178,2019,0.019703867
E07000179,2019,0.025786892
E07000180,2019,0.027568045
E07000181,2019,0.024228003
E07000207,2019,0.010653655
E07000208,2019,0.011804867
E07000209,2019,0.017791084
E07000210,2019,0.016931038
E07000211,2019,0.014101576
E07000212,2019,0.012982688
E07000213,2019,0.015220228
E07000214,2019,0.016009065
E07000215,2019,0.038358368
E07000216,2019,0.017728134
E07000217,2019,0.019537878
E07000223,2019,0.026869372
E07000224,2019,0.025530069
E07000225,2019,0.028139006
E07000226,2019,0.022376107
E07000227,2019,0.022626487
E07000228,2019,0.02252834
E07000229,2019,0.009511526
E06000022,2019,0.018755137
E06000023,2019,0.014058091
E06000024,2019,0.037511194
E06000025,2019,0.019077592
E06000026,2019,0.020565372
E06000027,2019,0.028558456
E06000030,2019,0.015062374
E06000052,2019,0.030872165
E06000053,2019,0.022803425
E06000054,2019,0.031755431
E06000058,2019,0.015439605
E06000059,2019,0.026657221
E06000066,2019,0.034230946
E07000040,2019,0.026858116
E07000041,2019,0.014185345
E07000042,2019,0.05566541
E07000043,2019,0.031039663
E07000044,2019,0.035063578
E07000045,2019,0.034376492
E07000046,2019,0.036523096
E07000047,2019,0.069779928
E07000078,2019,0.015759577
E07000079,2019,0.019869974
E07000080,2019,0.03482084
E07000081,2019,0.026129083
E07000082,2019,0.03811256
E07000083,2019,0.033778919
W06000001,2019,0.038225329
W06000002,2019,0.032979823
W06000003,2019,0.032889229
W06000004,2019,0.031011557
W06000005,2019,0.072008658
W06000006,2019,0.075633142
W06000008,2019,0.051035704
W06000009,2019,0.330924507
W06000010,2019,0.041457434
W06000011,2019,0.027039733
W06000012,2019,0.208591342
W06000013,2019,0.035771831
W06000014,2019,0.054170633
W06000015,2019,0.020432397
W06000016,2019,0.031373757
W06000018,2019,0.031210838
W06000019,2019,0.051240626
W06000020,2019,0.037017447
W06000021,2019,0.044935907
W06000022,2019,0.043287642
W06000023,2019,0.04728771
W06000024,2019,0.041343891
S12000005,2019,0.083787473
S12000006,2019,0.058216613
S12000008,2019,0.044070651
S12000010,2019,0.068183992
S12000011,2019,0.029478816
S12000013,2019,0.027730885
S12000014,2019,0.272973864
S12000017,2019,0.038008388
S12000018,2019,0.035053094
S12000019,2019,0.028318793
S12000020,2019,0.075339691
S12000021,2019,0.117147251
S12000023,2019,0.027283425
S12000026,2019,0.045050136
S12000027,2019,0.024600077
S12000028,2019,0.041245463
S12000029,2019,0.030422448
S12000030,2019,0.066349384
S12000033,2019,0.01774979
S12000034,2019,0.03103324
S12000035,2019,0.030152373
S12000036,2019,0.013524889
S12000038,2019,0.028191563
S12000039,2019,0.02450918
S12000040,2019,0.03885219
S12000041,2019,0.048514364
S12000042,2019,0.027721498
S12000045,2019,0.026128003
S12000047,2019,0.078943608
S12000048,2019,0.035503864
S12000049,2019,0.019441248
S12000050,2019,0.028438317
E06000001,2018,0.068484403
E06000002,2018,0.025524934
E06000003,2018,0.372065037
E06000004,2018,0.0487866
E06000005,2018,0.036226006
E06000047,2018,0.039741715
E06000057,2018,0.0626895
E08000021,2018,0.022394444
E08000022,2018,0.026664672
E08000023,2018,0.030640057
E08000024,2018,0.026742925
E08000037,2018,0.038774486
E06000006,2018,0.040592892
E06000007,2018,0.029494057
E06000008,2018,0.033036962
E06000009,2018,0.024544412
E06000049,2018,0.028525468
E06000050,2018,0.079693014
E06000063,2018,0.080080076
E06000064,2018,0.061655272
E07000117,2018,0.025870262
E07000118,2018,0.042342746
E07000119,2018,0.022230648
E07000120,2018,0.042001852
E07000121,2018,0.040847134
E07000122,2018,0.032025211
E07000123,2018,0.022682153
E07000124,2018,0.068814784
E07000125,2018,0.051241356
E07000126,2018,0.024121176
E07000127,2018,0.04646203
E07000128,2018,0.052731566
E08000001,2018,0.026816998
E08000002,2018,0.03442653
E08000003,2018,0.015847865
E08000004,2018,0.030233085
E08000005,2018,0.042630648
E08000006,2018,0.025091514
E08000007,2018,0.021484334
E08000008,2018,0.035728699
E08000009,2018,0.028590147
E08000010,2018,0.035174483
E08000011,2018,0.03457108
E08000012,2018,0.02207695
E08000013,2018,0.069612268
E08000014,2018,0.038999609
E08000015,2018,0.031689947
E06000010,2018,0.032519467
E06000011,2018,0.057667636
E06000012,2018,0.066412744
E06000013,2018,0.365220393
E06000014,2018,0.018053524
E06000065,2018,0.049913924
E08000016,2018,0.052748629
E08000017,2018,0.055371766
E08000018,2018,0.050381201
E08000019,2018,0.029368831
E08000032,2018,0.033334209
E08000033,2018,0.02855664
E08000034,2018,0.038360536
E08000035,2018,0.022380043
E08000036,2018,0.044103333
E06000015,2018,0.024939688
E06000016,2018,0.026730386
E06000017,2018,0.152196531
E06000018,2018,0.017266281
E06000061,2018,0.045212544
E06000062,2018,0.030347451
E07000032,2018,0.045128801
E07000033,2018,0.076382873
E07000034,2018,0.028097538
E07000035,2018,0.057006992
E07000036,2018,0.044621553
E07000037,2018,0.199316591
E07000038,2018,0.050830555
E07000039,2018,0.038461619
E07000129,2018,0.023204513
E07000130,2018,0.035352111
E07000131,2018,0.042924458
E07000132,2018,0.037814609
E07000133,2018,0.040099752
E07000134,2018,0.054159138
E07000135,2018,0.026750971
E07000136,2018,0.032743659
E07000137,2018,0.047314703
E07000138,2018,0.021951103
E07000139,2018,0.035009059
E07000140,2018,0.04041539
E07000141,2018,0.047434076
E07000142,2018,0.05434763
E07000170,2018,0.03318619
E07000171,2018,0.057169771
E07000172,2018,0.043019699
E07000173,2018,0.038257178
E07000174,2018,0.031606608
E07000175,2018,0.070769225
E07000176,2018,0.03708353
E06000019,2018,0.045682417
E06000020,2018,0.031731911
E06000021,2018,0.039648683
E06000051,2018,0.041257359
E07000192,2018,0.024802268
E07000193,2018,0.035529531
E07000194,2018,0.036214455
E07000195,2018,0.05260524
E07000196,2018,0.074068173
E07000197,2018,0.043967108
E07000198,2018,0.098065013
E07000199,2018,0.024728046
E07000218,2018,0.056344576
E07000219,2018,0.02723128
E07000220,2018,0.093240162
E07000221,2018,0.02521281
E07000222,2018,0.018229621
E07000234,2018,0.026997376
E07000235,2018,0.038084145
E07000236,2018,0.020831414
E07000237,2018,0.016502132
E07000238,2018,0.054505937
E07000239,2018,0.034258118
E08000025,2018,0.022838598
E08000026,2018,0.018800958
E08000027,2018,0.028842668
E08000028,2018,0.035576071
E08000029,2018,0.0200097
E08000030,2018,0.034293311
E08000031,2018,0.025564341
E06000031,2018,0.021213707
E06000032,2018,0.018511898
E06000033,2018,0.018863687
E06000034,2018,0.046091693
E06000055,2018,0.037908768
E06000056,2018,0.035314536
E07000008,2018,0.017592585
E07000009,2018,0.04060421
E07000010,2018,0.064709583
E07000011,2018,0.043246979
E07000012,2018,0.033317103
E07000066,2018,0.017523299
E07000067,2018,0.023080859
E07000068,2018,0.01760112
E07000069,2018,0.023781768
E07000070,2018,0.021708023
E07000071,2018,0.020852301
E07000072,2018,0.035311833
E07000073,2018,0.024972745
E07000074,2018,0.037253459
E07000075,2018,0.02315763
E07000076,2018,0.040699965
E07000077,2018,0.056002096
E07000095,2018,0.019581055
E07000096,2018,0.018901724
E07000098,2018,0.022200277
E07000099,2018,0.023556423
E07000102,2018,0.017403522
E07000103,2018,0.009922988
E07000143,2018,0.046076347
E07000144,2018,0.032069865
E07000145,2018,0.024100253
E07000146,2018,0.050252514
E07000147,2018,0.044875476
E07000148,2018,0.021173158
E07000149,2018,0.036379689
E07000200,2018,0.049495659
E07000202,2018,0.012797583
E07000203,2018,0.045434393
E07000240,2018,0.027499077
E07000241,2018,0.021116027
E07000242,2018,0.023511736
E07000243,2018,0.025400829
E07000244,2018,0.035375497
E07000245,2018,0.04596491
E09000001,2018,0.003223914
E09000007,2018,0.008039871
E09000012,2018,0.013123095
E09000013,2018,0.012712811
E09000014,2018,0.023197003
E09000019,2018,0.007616026
E09000020,2018,0.016137114
E09000022,2018,0.010662142
E09000023,2018,0.021057071
E09000025,2018,0.035467194
E09000028,2018,0.010860072
E09000030,2018,0.008079132
E09000032,2018,0.015497354
E09000033,2018,0.007672464
E09000002,2018,0.022147652
E09000003,2018,0.017289232
E09000004,2018,0.016884414
E09000005,2018,0.017132814
E09000006,2018,0.012152017
E09000008,2018,0.01338285
E09000009,2018,0.019714967
E09000010,2018,0.020342213
E09000011,2018,0.023364399
E09000015,2018,0.010523537
E09000016,2018,0.020865325
E09000017,2018,0.017667453
E09000018,2018,0.010094008
E09000021,2018,0.013867137
E09000024,2018,0.014741253
E09000026,2018,0.016379193
E09000027,2018,0.008729126
E09000029,2018,0.016741128
E09000031,2018,0.021009284
E06000035,2018,0.020092109
E06000036,2018,0.012536714
E06000037,2018,0.029860723
E06000038,2018,0.010761289
E06000039,2018,0.019484543
E06000040,2018,0.014130923
E06000041,2018,0.012438749
E06000042,2018,0.015292407
E06000043,2018,0.012523287
E06000044,2018,0.01993348
E06000045,2018,0.013297703
E06000046,2018,0.029411873
E06000060,2018,0.021623984
E07000061,2018,0.021021452
E07000062,2018,0.018856709
E07000063,2018,0.022541289
E07000064,2018,0.056364658
E07000065,2018,0.028068454
E07000084,2018,0.022135679
E07000085,2018,0.026761041
E07000086,2018,0.017832331
E07000087,2018,0.022258085
E07000088,2018,0.025720816
E07000089,2018,0.018475845
E07000090,2018,0.01941559
E07000091,2018,0.232245492
E07000092,2018,0.010365441
E07000093,2018,0.033371544
E07000094,2018,0.021968509
E07000105,2018,0.03011266
E07000106,2018,0.024545114
E07000107,2018,0.024363653
E07000108,2018,0.029193224
E07000109,2018,0.043511689
E07000110,2018,0.027775751
E07000111,2018,0.026163178
E07000112,2018,0.026854583
E07000113,2018,0.051248744
E07000114,2018,0.041196204
E07000115,2018,0.024720746
E07000116,2018,0.016374869
E07000177,2018,0.042312094
E07000178,2018,0.021092948
E07000179,2018,0.028002966
E07000180,2018,0.026850665
E07000181,2018,0.0260727
E07000207,2018,0.011723262
E07000208,2018,0.012847213
E07000209,2018,0.019527996
E07000210,2018,0.018102896
E07000211,2018,0.014198666
E07000212,2018,0.013971654
E07000213,2018,0.01736452
E07000214,2018,0.017663712
E07000215,2018,0.039522732
E07000216,2018,0.018561453
E07000217,2018,0.018540786
E07000223,2018,0.027436045
E07000224,2018,0.02646933
E07000225,2018,0.029114766
E07000226,2018,0.022421647
E07000227,2018,0.024468748
E07000228,2018,0.023954282
E07000229,2018,0.010595767
E06000022,2018,0.020565427
E06000023,2018,0.014767527
E06000024,2018,0.039353507
E06000025,2018,0.020454217
E06000026,2018,0.021008358
E06000027,2018,0.029174291
E06000030,2018,0.015565912
E06000052,2018,0.031776305
E06000053,2018,0.020805861
E06000054,2018,0.032406491
E06000058,2018,0.015994738
E06000059,2018,0.027781068
E06000066,2018,0.035286008
E07000040,2018,0.029378057
E07000041,2018,0.015121012
E07000042,2018,0.056018083
E07000043,2018,0.033018648
E07000044,2018,0.037640764
E07000045,2018,0.037885314
E07000046,2018,0.038122584
E07000047,2018,0.067027385
E07000078,2018,0.016920777
E07000079,2018,0.020295995
E07000080,2018,0.043729848
E07000081,2018,0.023238431
E07000082,2018,0.039242222
E07000083,2018,0.036042632
W06000001,2018,0.039049368
W06000002,2018,0.034439366
W06000003,2018,0.032929542
W06000004,2018,0.031312774
W06000005,2018,0.075551001
W06000006,2018,0.07963813
W06000008,2018,0.052415641
W06000009,2018,0.33293197
W06000010,2018,0.044674059
W06000011,2018,0.027130744
W06000012,2018,0.20044406
W06000013,2018,0.03908761
W06000014,2018,0.055491391
W06000015,2018,0.021363751
W06000016,2018,0.032805826
W06000018,2018,0.032073825
W06000019,2018,0.046947172
W06000020,2018,0.039685258
W06000021,2018,0.044522207
W06000022,2018,0.046316525
W06000023,2018,0.047271007
W06000024,2018,0.042857718
S12000005,2018,0.086258285
S12000006,2018,0.06017649
S12000008,2018,0.045023284
S12000010,2018,0.07002664
S12000011,2018,0.030005449
S12000013,2018,0.029654748
S12000014,2018,0.312777356
S12000017,2018,0.039789855
S12000018,2018,0.034060454
S12000019,2018,0.030244147
S12000020,2018,0.074960823
S12000021,2018,0.113808393
S12000023,2018,0.028138248
S12000026,2018,0.04725254
S12000027,2018,0.024967506
S12000028,2018,0.038132017
S12000029,2018,0.03144264
S12000030,2018,0.072235029
S12000033,2018,0.017862899
S12000034,2018,0.030184376
S12000035,2018,0.032040326
S12000036,2018,0.014138903
S12000038,2018,0.029158994
S12000039,2018,0.023033603
S12000040,2018,0.033370841
S12000041,2018,0.051676643
S12000042,2018,0.03080769
S12000045,2018,0.027870988
S12000047,2018,0.08593986
S12000048,2018,0.036633429
S12000049,2018,0.020429307
S12000050,2018,0.030490776
E06000001,2017,0.066213082
E06000002,2017,0.024761765
E06000003,2017,0.376487867
E06000004,2017,0.048883458
E06000005,2017,0.03872748
E06000047,2017,0.040512192
E06000057,2017,0.062237656
E08000021,2017,0.021659748
E08000022,2017,0.027653198
E08000023,2017,0.028781164
E08000024,2017,0.026604853
E08000037,2017,0.037763812
E06000006,2017,0.04347811
E06000007,2017,0.029600221
E06000008,2017,0.03372036
E06000009,2017,0.023204401
E06000049,2017,0.028985946
E06000050,2017,0.092075219
E06000063,2017,0.078516318
E06000064,2017,0.061775611
E07000117,2017,0.026069936
E07000118,2017,0.042584316
E07000119,2017,0.018926878
E07000120,2017,0.033894347
E07000121,2017,0.039110227
E07000122,2017,0.035001226
E07000123,2017,0.02170176
E07000124,2017,0.064440885
E07000125,2017,0.049552853
E07000126,2017,0.02458628
E07000127,2017,0.042226468
E07000128,2017,0.053855559
E08000001,2017,0.027518501
E08000002,2017,0.033214435
E08000003,2017,0.015943513
E08000004,2017,0.025631262
E08000005,2017,0.041915789
E08000006,2017,0.024940576
E08000007,2017,0.021951417
E08000008,2017,0.036016018
E08000009,2017,0.029824114
E08000010,2017,0.03474298
E08000011,2017,0.032477626
E08000012,2017,0.021873546
E08000013,2017,0.06887515
E08000014,2017,0.037492442
E08000015,2017,0.030667977
E06000010,2017,0.032957839
E06000011,2017,0.060517962
E06000012,2017,0.060122317
E06000013,2017,0.363201372
E06000014,2017,0.018195629
E06000065,2017,0.048476835
E08000016,2017,0.052595467
E08000017,2017,0.052490518
E08000018,2017,0.063641029
E08000019,2017,0.028970749
E08000032,2017,0.033202823
E08000033,2017,0.029300815
E08000034,2017,0.039722134
E08000035,2017,0.023080025
E08000036,2017,0.043468922
E06000015,2017,0.024189084
E06000016,2017,0.027297051
E06000017,2017,0.154626602
E06000018,2017,0.016908669
E06000061,2017,0.048381785
E06000062,2017,0.031196385
E07000032,2017,0.044033437
E07000033,2017,0.07336613
E07000034,2017,0.024691449
E07000035,2017,0.062255361
E07000036,2017,0.04371829
E07000037,2017,0.18991771
E07000038,2017,0.051610464
E07000039,2017,0.041786941
E07000129,2017,0.022520055
E07000130,2017,0.035895471
E07000131,2017,0.042449227
E07000132,2017,0.039024946
E07000133,2017,0.044163891
E07000134,2017,0.055060657
E07000135,2017,0.025982374
E07000136,2017,0.033463429
E07000137,2017,0.049932028
E07000138,2017,0.021848866
E07000139,2017,0.036295418
E07000140,2017,0.041361213
E07000141,2017,0.048826792
E07000142,2017,0.05659175
E07000170,2017,0.033382122
E07000171,2017,0.060059478
E07000172,2017,0.043057346
E07000173,2017,0.035972128
E07000174,2017,0.03066189
E07000175,2017,0.071300512
E07000176,2017,0.040923479
E06000019,2017,0.046687465
E06000020,2017,0.031807918
E06000021,2017,0.039548819
E06000051,2017,0.041206625
E07000192,2017,0.023887128
E07000193,2017,0.035941734
E07000194,2017,0.033253836
E07000195,2017,0.05384047
E07000196,2017,0.080969168
E07000197,2017,0.043800754
E07000198,2017,0.098900439
E07000199,2017,0.024793484
E07000218,2017,0.060489808
E07000219,2017,0.027560214
E07000220,2017,0.084940476
E07000221,2017,0.025189475
E07000222,2017,0.017626596
E07000234,2017,0.02902013
E07000235,2017,0.040600103
E07000236,2017,0.019895306
E07000237,2017,0.016615042
E07000238,2017,0.055486355
E07000239,2017,0.03612298
E08000025,2017,0.02317434
E08000026,2017,0.018938402
E08000027,2017,0.028394904
E08000028,2017,0.036537033
E08000029,2017,0.020029949
E08000030,2017,0.033035724
E08000031,2017,0.026055804
E06000031,2017,0.022709509
E06000032,2017,0.018433893
E06000033,2017,0.018425915
E06000034,2017,0.042205196
E06000055,2017,0.037014526
E06000056,2017,0.033140343
E07000008,2017,0.017262138
E07000009,2017,0.041192432
E07000010,2017,0.061752609
E07000011,2017,0.043213964
E07000012,2017,0.033480661
E07000066,2017,0.017346973
E07000067,2017,0.022916427
E07000068,2017,0.018140129
E07000069,2017,0.023884199
E07000070,2017,0.021990572
E07000071,2017,0.021391448
E07000072,2017,0.033346949
E07000073,2017,0.020756553
E07000074,2017,0.035677847
E07000075,2017,0.023102278
E07000076,2017,0.039628591
E07000077,2017,0.055059093
E07000095,2017,0.019601989
E07000096,2017,0.018464556
E07000098,2017,0.021764576
E07000099,2017,0.023804389
E07000102,2017,0.017222232
E07000103,2017,0.009751641
E07000143,2017,0.04567178
E07000144,2017,0.026305775
E07000145,2017,0.022806097
E07000146,2017,0.052883033
E07000147,2017,0.045508928
E07000148,2017,0.020819719
E07000149,2017,0.035786424
E07000200,2017,0.048364665
E07000202,2017,0.01278158
E07000203,2017,0.047999129
E07000240,2017,0.02563503
E07000241,2017,0.021770002
E07000242,2017,0.02246832
E07000243,2017,0.02230219
E07000244,2017,0.035129239
E07000245,2017,0.045322218
E09000001,2017,0.003288117
E09000007,2017,0.008006765
E09000012,2017,0.014249966
E09000013,2017,0.012936018
E09000014,2017,0.022845906
E09000019,2017,0.007955314
E09000020,2017,0.017213296
E09000022,2017,0.010665379
E09000023,2017,0.020065554
E09000025,2017,0.036547041
E09000028,2017,0.011968919
E09000030,2017,0.007607655
E09000032,2017,0.015401129
E09000033,2017,0.007704753
E09000002,2017,0.022720988
E09000003,2017,0.017193378
E09000004,2017,0.021215147
E09000005,2017,0.015508453
E09000006,2017,0.011869996
E09000008,2017,0.013770757
E09000009,2017,0.019609892
E09000010,2017,0.020893819
E09000011,2017,0.022565961
E09000015,2017,0.01027665
E09000016,2017,0.020389506
E09000017,2017,0.018223591
E09000018,2017,0.009921051
E09000021,2017,0.01358929
E09000024,2017,0.013931628
E09000026,2017,0.016022425
E09000027,2017,0.009122797
E09000029,2017,0.015500099
E09000031,2017,0.020753694
E06000035,2017,0.02115643
E06000036,2017,0.011838599
E06000037,2017,0.033022536
E06000038,2017,0.011921146
E06000039,2017,0.019913085
E06000040,2017,0.013702058
E06000041,2017,0.013600708
E06000042,2017,0.015221843
E06000043,2017,0.012887064
E06000044,2017,0.019272269
E06000045,2017,0.013634164
E06000046,2017,0.029151454
E06000060,2017,0.021766612
E07000061,2017,0.019567837
E07000062,2017,0.018467345
E07000063,2017,0.023074522
E07000064,2017,0.054721309
E07000065,2017,0.028052217
E07000084,2017,0.052617495
E07000085,2017,0.027966671
E07000086,2017,0.017050135
E07000087,2017,0.018511072
E07000088,2017,0.02671531
E07000089,2017,0.018213415
E07000090,2017,0.017933476
E07000091,2017,0.242037959
E07000092,2017,0.010748078
E07000093,2017,0.030800939
E07000094,2017,0.021040929
E07000105,2017,0.029886382
E07000106,2017,0.025276611
E07000107,2017,0.02347973
E07000108,2017,0.030678952
E07000109,2017,0.043783974
E07000110,2017,0.028222741
E07000111,2017,0.027721773
E07000112,2017,0.02621083
E07000113,2017,0.057120617
E07000114,2017,0.042995625
E07000115,2017,0.026274066
E07000116,2017,0.015581338
E07000177,2017,0.044097069
E07000178,2017,0.022339983
E07000179,2017,0.02857332
E07000180,2017,0.027572769
E07000181,2017,0.027328834
E07000207,2017,0.011606022
E07000208,2017,0.011885453
E07000209,2017,0.019935465
E07000210,2017,0.01731994
E07000211,2017,0.011708351
E07000212,2017,0.013184764
E07000213,2017,0.017556947
E07000214,2017,0.018374034
E07000215,2017,0.038560066
E07000216,2017,0.017670977
E07000217,2017,0.018652697
E07000223,2017,0.028976243
E07000224,2017,0.029557919
E07000225,2017,0.029036914
E07000226,2017,0.021973308
E07000227,2017,0.026935246
E07000228,2017,0.023618632
E07000229,2017,0.010759719
E06000022,2017,0.020105938
E06000023,2017,0.014132717
E06000024,2017,0.038331113
E06000025,2017,0.020409695
E06000026,2017,0.020686239
E06000027,2017,0.02729055
E06000030,2017,0.016402779
E06000052,2017,0.032752774
E06000053,2017,0.018736787
E06000054,2017,0.032027318
E06000058,2017,0.015555406
E06000059,2017,0.028015959
E06000066,2017,0.035959943
E07000040,2017,0.028736526
E07000041,2017,0.014146235
E07000042,2017,0.059438914
E07000043,2017,0.035379811
E07000044,2017,0.039593323
E07000045,2017,0.040125194
E07000046,2017,0.036834609
E07000047,2017,0.073359824
E07000078,2017,0.016679383
E07000079,2017,0.023190231
E07000080,2017,0.046920504
E07000081,2017,0.02120968
E07000082,2017,0.038450243
E07000083,2017,0.031778351
W06000001,2017,0.039769284
W06000002,2017,0.033359024
W06000003,2017,0.031651526
W06000004,2017,0.032458054
W06000005,2017,0.073062287
W06000006,2017,0.085548871
W06000008,2017,0.051069232
W06000009,2017,0.320380144
W06000010,2017,0.046738597
W06000011,2017,0.032160822
W06000012,2017,0.213733788
W06000013,2017,0.038748097
W06000014,2017,0.050654992
W06000015,2017,0.021724168
W06000016,2017,0.031120056
W06000018,2017,0.03210063
W06000019,2017,0.044567549
W06000020,2017,0.041445667
W06000021,2017,0.051136024
W06000022,2017,0.043373753
W06000023,2017,0.048193201
W06000024,2017,0.044390329
S12000005,2017,0.092054709
S12000006,2017,0.061593132
S12000008,2017,0.043511927
S12000010,2017,0.070180015
S12000011,2017,0.028518306
S12000013,2017,0.032644149
S12000014,2017,0.317003234
S12000017,2017,0.042538047
S12000018,2017,0.033690046
S12000019,2017,0.031968853
S12000020,2017,0.074062033
S12000021,2017,0.117094116
S12000023,2017,0.028478684
S12000026,2017,0.049627041
S12000027,2017,0.026086164
S12000028,2017,0.042941716
S12000029,2017,0.030451172
S12000030,2017,0.066386507
S12000033,2017,0.017820283
S12000034,2017,0.030214965
S12000035,2017,0.031044159
S12000036,2017,0.014382748
S12000038,2017,0.029702075
S12000039,2017,0.024320133
S12000040,2017,0.037043589
S12000041,2017,0.053629345
S12000042,2017,0.031374868
S12000045,2017,0.028142607
S12000047,2017,0.09971471
S12000048,2017,0.036881049
S12000049,2017,0.020346119
S12000050,2017,0.02939912
E06000001,2016,0.063812719
E06000002,2016,0.025618343
E06000003,2016,0.333411763
E06000004,2016,0.042830456
E06000005,2016,0.03895488
E06000047,2016,0.039977465
E06000057,2016,0.060062607
E08000021,2016,0.022443358
E08000022,2016,0.029514442
E08000023,2016,0.028550392
E08000024,2016,0.026939102
E08000037,2016,0.037350505
E06000006,2016,0.03977242
E06000007,2016,0.03171659
E06000008,2016,0.029401674
E06000009,2016,0.023470439
E06000049,2016,0.027335837
E06000050,2016,0.095881083
E06000063,2016,0.074025785
E06000064,2016,0.064673712
E07000117,2016,0.026458531
E07000118,2016,0.042419384
E07000119,2016,0.019661726
E07000120,2016,0.031446193
E07000121,2016,0.03808593
E07000122,2016,0.035657802
E07000123,2016,0.021097082
E07000124,2016,0.063873311
E07000125,2016,0.048324531
E07000126,2016,0.023291216
E07000127,2016,0.037074518
E07000128,2016,0.050760091
E08000001,2016,0.027246196
E08000002,2016,0.033130056
E08000003,2016,0.017086963
E08000004,2016,0.027122165
E08000005,2016,0.040782314
E08000006,2016,0.025919691
E08000007,2016,0.022058779
E08000008,2016,0.036041347
E08000009,2016,0.029646161
E08000010,2016,0.034126896
E08000011,2016,0.037219583
E08000012,2016,0.02142478
E08000013,2016,0.061917375
E08000014,2016,0.039492465
E08000015,2016,0.031763295
E06000010,2016,0.032511344
E06000011,2016,0.057533397
E06000012,2016,0.05888887
E06000013,2016,0.389745115
E06000014,2016,0.019608199
E06000065,2016,0.051165904
E08000016,2016,0.053044059
E08000017,2016,0.067720111
E08000018,2016,0.062527525
E08000019,2016,0.027587475
E08000032,2016,0.033437836
E08000033,2016,0.030045182
E08000034,2016,0.042295087
E08000035,2016,0.023129403
E08000036,2016,0.041595346
E06000015,2016,0.023543122
E06000016,2016,0.025890887
E06000017,2016,0.151396389
E06000018,2016,0.017827769
E06000061,2016,0.047018032
E06000062,2016,0.031265775
E07000032,2016,0.039531196
E07000033,2016,0.067132783
E07000034,2016,0.023844491
E07000035,2016,0.058458665
E07000036,2016,0.043718004
E07000037,2016,0.191789393
E07000038,2016,0.050305643
E07000039,2016,0.039372197
E07000129,2016,0.020914957
E07000130,2016,0.037071335
E07000131,2016,0.043751157
E07000132,2016,0.04118518
E07000133,2016,0.043409594
E07000134,2016,0.055940149
E07000135,2016,0.025652541
E07000136,2016,0.034238198
E07000137,2016,0.051529191
E07000138,2016,0.021255303
E07000139,2016,0.038341169
E07000140,2016,0.043042872
E07000141,2016,0.050007216
E07000142,2016,0.055413647
E07000170,2016,0.032702623
E07000171,2016,0.057840763
E07000172,2016,0.04214537
E07000173,2016,0.033141011
E07000174,2016,0.028413091
E07000175,2016,0.072759274
E07000176,2016,0.033774102
E06000019,2016,0.047007677
E06000020,2016,0.032555265
E06000021,2016,0.056536145
E06000051,2016,0.040495513
E07000192,2016,0.024050671
E07000193,2016,0.034220817
E07000194,2016,0.032565202
E07000195,2016,0.052872177
E07000196,2016,0.075594725
E07000197,2016,0.045153033
E07000198,2016,0.131576458
E07000199,2016,0.026792707
E07000218,2016,0.063877026
E07000219,2016,0.029905193
E07000220,2016,0.093645455
E07000221,2016,0.028299854
E07000222,2016,0.019022128
E07000234,2016,0.032793795
E07000235,2016,0.04123791
E07000236,2016,0.021185409
E07000237,2016,0.016924103
E07000238,2016,0.056884056
E07000239,2016,0.03399502
E08000025,2016,0.023650243
E08000026,2016,0.01940181
E08000027,2016,0.027391959
E08000028,2016,0.034876245
E08000029,2016,0.02244088
E08000030,2016,0.031016456
E08000031,2016,0.027499625
E06000031,2016,0.02364354
E06000032,2016,0.019446379
E06000033,2016,0.018619856
E06000034,2016,0.045328448
E06000055,2016,0.037157597
E06000056,2016,0.034050674
E07000008,2016,0.017358417
E07000009,2016,0.040452029
E07000010,2016,0.062187801
E07000011,2016,0.041643336
E07000012,2016,0.035200415
E07000066,2016,0.017442005
E07000067,2016,0.025707087
E07000068,2016,0.019670738
E07000069,2016,0.023786119
E07000070,2016,0.022934072
E07000071,2016,0.022066016
E07000072,2016,0.033443554
E07000073,2016,0.025659395
E07000074,2016,0.033591297
E07000075,2016,0.022318676
E07000076,2016,0.041887295
E07000077,2016,0.055929351
E07000095,2016,0.01981079
E07000096,2016,0.019960973
E07000098,2016,0.02407644
E07000099,2016,0.02543659
E07000102,2016,0.017302331
E07000103,2016,0.010268163
E07000143,2016,0.044090215
E07000144,2016,0.033417838
E07000145,2016,0.021659217
E07000146,2016,0.049238413
E07000147,2016,0.044703732
E07000148,2016,0.020750583
E07000149,2016,0.036086387
E07000200,2016,0.042186481
E07000202,2016,0.012489703
E07000203,2016,0.048060908
E07000240,2016,0.026785231
E07000241,2016,0.023117102
E07000242,2016,0.020840035
E07000243,2016,0.0251011
E07000244,2016,0.035088268
E07000245,2016,0.04898831
E09000001,2016,0.003479516
E09000007,2016,0.008183852
E09000012,2016,0.014634697
E09000013,2016,0.012896009
E09000014,2016,0.023639054
E09000019,2016,0.008129033
E09000020,2016,0.017893537
E09000022,2016,0.010986646
E09000023,2016,0.020043557
E09000025,2016,0.038536945
E09000028,2016,0.01200541
E09000030,2016,0.00807954
E09000032,2016,0.015508926
E09000033,2016,0.007785013
E09000002,2016,0.02195143
E09000003,2016,0.01655468
E09000004,2016,0.019659938
E09000005,2016,0.014075284
E09000006,2016,0.012276849
E09000008,2016,0.013480728
E09000009,2016,0.017670555
E09000010,2016,0.019991645
E09000011,2016,0.023244641
E09000015,2016,0.010402244
E09000016,2016,0.019866293
E09000017,2016,0.018403458
E09000018,2016,0.010340562
E09000021,2016,0.01306355
E09000024,2016,0.013461607
E09000026,2016,0.015503178
E09000027,2016,0.009443455
E09000029,2016,0.014844943
E09000031,2016,0.02046425
E06000035,2016,0.018584513
E06000036,2016,0.011897776
E06000037,2016,0.033122846
E06000038,2016,0.011852101
E06000039,2016,0.018504175
E06000040,2016,0.01442483
E06000041,2016,0.014326925
E06000042,2016,0.015356768
E06000043,2016,0.013115597
E06000044,2016,0.021322739
E06000045,2016,0.015219359
E06000046,2016,0.03125585
E06000060,2016,0.021769968
E07000061,2016,0.02022131
E07000062,2016,0.018140464
E07000063,2016,0.023423758
E07000064,2016,0.050487251
E07000065,2016,0.028209965
E07000084,2016,0.055877378
E07000085,2016,0.026741815
E07000086,2016,0.017746991
E07000087,2016,0.019135761
E07000088,2016,0.027712423
E07000089,2016,0.013927563
E07000090,2016,0.016385524
E07000091,2016,0.243506703
E07000092,2016,0.014206416
E07000093,2016,0.031220397
E07000094,2016,0.022268014
E07000105,2016,0.029302703
E07000106,2016,0.026744203
E07000107,2016,0.022128935
E07000108,2016,0.03189505
E07000109,2016,0.043271762
E07000110,2016,0.027058265
E07000111,2016,0.028453825
E07000112,2016,0.025968826
E07000113,2016,0.063295591
E07000114,2016,0.033575526
E07000115,2016,0.025971709
E07000116,2016,0.01601704
E07000177,2016,0.042985277
E07000178,2016,0.021718577
E07000179,2016,0.029194466
E07000180,2016,0.02820411
E07000181,2016,0.027368502
E07000207,2016,0.011917192
E07000208,2016,0.011735405
E07000209,2016,0.019848752
E07000210,2016,0.017447049
E07000211,2016,0.012146458
E07000212,2016,0.013841791
E07000213,2016,0.016454324
E07000214,2016,0.018132225
E07000215,2016,0.036612111
E07000216,2016,0.017437278
E07000217,2016,0.018796401
E07000223,2016,0.028598811
E07000224,2016,0.027293489
E07000225,2016,0.02919212
E07000226,2016,0.022826716
E07000227,2016,0.026184125
E07000228,2016,0.023126973
E07000229,2016,0.011960303
E06000022,2016,0.019993395
E06000023,2016,0.015122296
E06000024,2016,0.036938179
E06000025,2016,0.020554683
E06000026,2016,0.0218764
E06000027,2016,0.021284086
E06000030,2016,0.016442421
E06000052,2016,0.033786168
E06000053,2016,0.021644702
E06000054,2016,0.031075397
E06000058,2016,0.016594436
E06000059,2016,0.028897818
E06000066,2016,0.038099849
E07000040,2016,0.028864631
E07000041,2016,0.02181863
E07000042,2016,0.060465539
E07000043,2016,0.034507165
E07000044,2016,0.038818491
E07000045,2016,0.041496816
E07000046,2016,0.03779031
E07000047,2016,0.064927463
E07000078,2016,0.018222475
E07000079,2016,0.025243473
E07000080,2016,0.039353291
E07000081,2016,0.022417257
E07000082,2016,0.039003193
E07000083,2016,0.037206851
W06000001,2016,0.039844001
W06000002,2016,0.034823576
W06000003,2016,0.032950305
W06000004,2016,0.032574944
W06000005,2016,0.076241274
W06000006,2016,0.071576265
W06000008,2016,0.042424783
W06000009,2016,0.331686936
W06000010,2016,0.043843645
W06000011,2016,0.026786041
W06000012,2016,0.201998452
W06000013,2016,0.039936039
W06000014,2016,0.0479775
W06000015,2016,0.022950555
W06000016,2016,0.029844959
W06000018,2016,0.03186046
W06000019,2016,0.044552024
W06000020,2016,0.043784517
W06000021,2016,0.054652067
W06000022,2016,0.046547039
W06000023,2016,0.047534558
W06000024,2016,0.050703518
S12000005,2016,0.090530113
S12000006,2016,0.062372331
S12000008,2016,0.043409784
S12000010,2016,0.068482286
S12000011,2016,0.02858682
S12000013,2016,0.033193439
S12000014,2016,0.307865331
S12000017,2016,0.042804057
S12000018,2016,0.032288995
S12000019,2016,0.032122549
S12000020,2016,0.083998706
S12000021,2016,0.131904845
S12000023,2016,0.027364383
S12000026,2016,0.049919842
S12000027,2016,0.026866632
S12000028,2016,0.04455792
S12000029,2016,0.029474039
S12000030,2016,0.06752156
S12000033,2016,0.016652084
S12000034,2016,0.029787669
S12000035,2016,0.031732813
S12000036,2016,0.014963059
S12000038,2016,0.03057745
S12000039,2016,0.025672949
S12000040,2016,0.035823353
S12000041,2016,0.05262616
S12000042,2016,0.031259725
S12000045,2016,0.028363751
S12000047,2016,0.090155971
S12000048,2016,0.03535916
S12000049,2016,0.020786045
S12000050,2016,0.028980892
E06000001,2015,0.072563588
E06000002,2015,0.027105731
E06000003,2015,0.475108246
E06000004,2015,0.04501146
E06000005,2015,0.03824242
E06000047,2015,0.043170981
E06000057,2015,0.061208738
E08000021,2015,0.023714172
E08000022,2015,0.032048381
E08000023,2015,0.029633045
E08000024,2015,0.027593721
E08000037,2015,0.037058677
E06000006,2015,0.03496165
E06000007,2015,0.0323399
E06000008,2015,0.030595244
E06000009,2015,0.025626126
E06000049,2015,0.027600728
E06000050,2015,0.099362862
E06000063,2015,0.07857046
E06000064,2015,0.064390359
E07000117,2015,0.0285704
E07000118,2015,0.042987256
E07000119,2015,0.02100472
E07000120,2015,0.036366258
E07000121,2015,0.039754396
E07000122,2015,0.039477649
E07000123,2015,0.0228422
E07000124,2015,0.063980474
E07000125,2015,0.049894976
E07000126,2015,0.024390462
E07000127,2015,0.041757733
E07000128,2015,0.05128229
E08000001,2015,0.02820371
E08000002,2015,0.033221056
E08000003,2015,0.018439747
E08000004,2015,0.026223538
E08000005,2015,0.041087644
E08000006,2015,0.024418915
E08000007,2015,0.023186909
E08000008,2015,0.034425787
E08000009,2015,0.029734273
E08000010,2015,0.035807225
E08000011,2015,0.038651467
E08000012,2015,0.021828854
E08000013,2015,0.062102197
E08000014,2015,0.042861128
E08000015,2015,0.030107555
E06000010,2015,0.033469179
E06000011,2015,0.056194953
E06000012,2015,0.071849976
E06000013,2015,0.399047226
E06000014,2015,0.020241133
E06000065,2015,0.052353736
E08000016,2015,0.053679436
E08000017,2015,0.068266965
E08000018,2015,0.065460168
E08000019,2015,0.028775465
E08000032,2015,0.03464834
E08000033,2015,0.030385631
E08000034,2015,0.043528122
E08000035,2015,0.022737288
E08000036,2015,0.0439216
E06000015,2015,0.024411151
E06000016,2015,0.026533307
E06000017,2015,0.156636892
E06000018,2015,0.017911948
E06000061,2015,0.047964859
E06000062,2015,0.032257257
E07000032,2015,0.039921815
E07000033,2015,0.075425348
E07000034,2015,0.024274205
E07000035,2015,0.062603157
E07000036,2015,0.043756772
E07000037,2015,0.188134491
E07000038,2015,0.050005849
E07000039,2015,0.041424743
E07000129,2015,0.021457398
E07000130,2015,0.038365841
E07000131,2015,0.043329071
E07000132,2015,0.040327451
E07000133,2015,0.049017859
E07000134,2015,0.058072382
E07000135,2015,0.02650809
E07000136,2015,0.036192731
E07000137,2015,0.050685792
E07000138,2015,0.021825841
E07000139,2015,0.038867784
E07000140,2015,0.045987108
E07000141,2015,0.049295148
E07000142,2015,0.053854145
E07000170,2015,0.033405794
E07000171,2015,0.061257167
E07000172,2015,0.043430286
E07000173,2015,0.033941888
E07000174,2015,0.029287973
E07000175,2015,0.078825682
E07000176,2015,0.040914154
E06000019,2015,0.04633535
E06000020,2015,0.035601922
E06000021,2015,0.059196207
E06000051,2015,0.04201331
E07000192,2015,0.02490393
E07000193,2015,0.034089799
E07000194,2015,0.033745046
E07000195,2015,0.055522768
E07000196,2015,0.074932084
E07000197,2015,0.046427062
E07000198,2015,0.104277244
E07000199,2015,0.029078947
E07000218,2015,0.061607
E07000219,2015,0.030240601
E07000220,2015,0.091374155
E07000221,2015,0.027618481
E07000222,2015,0.01994524
E07000234,2015,0.033443142
E07000235,2015,0.041438191
E07000236,2015,0.021457574
E07000237,2015,0.016339969
E07000238,2015,0.056666341
E07000239,2015,0.034628787
E08000025,2015,0.024632597
E08000026,2015,0.021458739
E08000027,2015,0.029069551
E08000028,2015,0.040071027
E08000029,2015,0.024569842
E08000030,2015,0.033194384
E08000031,2015,0.03077262
E06000031,2015,0.025046794
E06000032,2015,0.019394888
E06000033,2015,0.019556109
E06000034,2015,0.045465106
E06000055,2015,0.038495183
E06000056,2015,0.035943122
E07000008,2015,0.017801327
E07000009,2015,0.039973959
E07000010,2015,0.063089197
E07000011,2015,0.042852911
E07000012,2015,0.035800612
E07000066,2015,0.01775258
E07000067,2015,0.030485968
E07000068,2015,0.019152052
E07000069,2015,0.023650667
E07000070,2015,0.022597577
E07000071,2015,0.022442173
E07000072,2015,0.035342218
E07000073,2015,0.033590581
E07000074,2015,0.035799716
E07000075,2015,0.023657251
E07000076,2015,0.044195193
E07000077,2015,0.055444563
E07000095,2015,0.018140958
E07000096,2015,0.019463423
E07000098,2015,0.024974149
E07000099,2015,0.02519725
E07000102,2015,0.017767558
E07000103,2015,0.011190358
E07000143,2015,0.04466187
E07000144,2015,0.033970235
E07000145,2015,0.020269701
E07000146,2015,0.075261472
E07000147,2015,0.045507439
E07000148,2015,0.022532936
E07000149,2015,0.036148349
E07000200,2015,0.042264885
E07000202,2015,0.013984321
E07000203,2015,0.048654667
E07000240,2015,0.027566933
E07000241,2015,0.023881404
E07000242,2015,0.023877661
E07000243,2015,0.02575969
E07000244,2015,0.03651308
E07000245,2015,0.056954964
E09000001,2015,0.003861993
E09000007,2015,0.008811922
E09000012,2015,0.015280472
E09000013,2015,0.013244415
E09000014,2015,0.021688171
E09000019,2015,0.008133922
E09000020,2015,0.018116797
E09000022,2015,0.011459889
E09000023,2015,0.019810599
E09000025,2015,0.036264851
E09000028,2015,0.012403058
E09000030,2015,0.008578431
E09000032,2015,0.014393659
E09000033,2015,0.008580641
E09000002,2015,0.021150026
E09000003,2015,0.017068168
E09000004,2015,0.019412749
E09000005,2015,0.014090665
E09000006,2015,0.012429597
E09000008,2015,0.013311134
E09000009,2015,0.018795514
E09000010,2015,0.02044298
E09000011,2015,0.022986093
E09000015,2015,0.011842329
E09000016,2015,0.019942318
E09000017,2015,0.018176689
E09000018,2015,0.010928525
E09000021,2015,0.014098623
E09000024,2015,0.013355907
E09000026,2015,0.015711954
E09000027,2015,0.009938021
E09000029,2015,0.015005899
E09000031,2015,0.020509502
E06000035,2015,0.019470304
E06000036,2015,0.011217915
E06000037,2015,0.034193351
E06000038,2015,0.012809257
E06000039,2015,0.017976366
E06000040,2015,0.015189873
E06000041,2015,0.015073792
E06000042,2015,0.015306655
E06000043,2015,0.014009614
E06000044,2015,0.021224742
E06000045,2015,0.01565401
E06000046,2015,0.029911599
E06000060,2015,0.021644749
E07000061,2015,0.022768358
E07000062,2015,0.020010499
E07000063,2015,0.023963021
E07000064,2015,0.047174608
E07000065,2015,0.028120923
E07000084,2015,0.054620848
E07000085,2015,0.025351203
E07000086,2015,0.018150317
E07000087,2015,0.01995964
E07000088,2015,0.027842995
E07000089,2015,0.014165188
E07000090,2015,0.016142761
E07000091,2015,0.253257922
E07000092,2015,0.016305361
E07000093,2015,0.031122567
E07000094,2015,0.022829128
E07000105,2015,0.028992332
E07000106,2015,0.025870729
E07000107,2015,0.023614378
E07000108,2015,0.031555466
E07000109,2015,0.047381284
E07000110,2015,0.027535465
E07000111,2015,0.029616254
E07000112,2015,0.028224923
E07000113,2015,0.076863765
E07000114,2015,0.033245513
E07000115,2015,0.026790724
E07000116,2015,0.017266563
E07000177,2015,0.04355922
E07000178,2015,0.021875661
E07000179,2015,0.026099471
E07000180,2015,0.026630811
E07000181,2015,0.027227402
E07000207,2015,0.012265657
E07000208,2015,0.012200846
E07000209,2015,0.019550634
E07000210,2015,0.018147937
E07000211,2015,0.011271066
E07000212,2015,0.015057582
E07000213,2015,0.016083855
E07000214,2015,0.017789136
E07000215,2015,0.035379638
E07000216,2015,0.016894265
E07000217,2015,0.018661158
E07000223,2015,0.028810943
E07000224,2015,0.027928883
E07000225,2015,0.02915854
E07000226,2015,0.023505014
E07000227,2015,0.02709964
E07000228,2015,0.023639484
E07000229,2015,0.012630363
E06000022,2015,0.020178209
E06000023,2015,0.018783074
E06000024,2015,0.038248648
E06000025,2015,0.021044566
E06000026,2015,0.022615647
E06000027,2015,0.02182399
E06000030,2015,0.016069935
E06000052,2015,0.035147626
E06000053,2015,0.021291758
E06000054,2015,0.032432755
E06000058,2015,0.017546374
E06000059,2015,0.028727334
E06000066,2015,0.038554425
E07000040,2015,0.027843292
E07000041,2015,0.0220842
E07000042,2015,0.059918199
E07000043,2015,0.034201357
E07000044,2015,0.038194115
E07000045,2015,0.041901041
E07000046,2015,0.038282373
E07000047,2015,0.064367867
E07000078,2015,0.019258183
E07000079,2015,0.026984296
E07000080,2015,0.03480469
E07000081,2015,0.020428818
E07000082,2015,0.042855425
E07000083,2015,0.035538989
W06000001,2015,0.042673558
W06000002,2015,0.035240847
W06000003,2015,0.033842807
W06000004,2015,0.03269554
W06000005,2015,0.075711438
W06000006,2015,0.080201543
W06000008,2015,0.041798075
W06000009,2015,0.363310997
W06000010,2015,0.046742427
W06000011,2015,0.028340769
W06000012,2015,0.241721208
W06000013,2015,0.039362793
W06000014,2015,0.051467674
W06000015,2015,0.023741307
W06000016,2015,0.029876205
W06000018,2015,0.034907453
W06000019,2015,0.039925548
W06000020,2015,0.043483402
W06000021,2015,0.051715625
W06000022,2015,0.050786377
W06000023,2015,0.048721521
W06000024,2015,0.043040573
S12000005,2015,0.088236802
S12000006,2015,0.061580511
S12000008,2015,0.049192263
S12000010,2015,0.069643176
S12000011,2015,0.02877727
S12000013,2015,0.032025382
S12000014,2015,0.289828933
S12000017,2015,0.043883794
S12000018,2015,0.036342024
S12000019,2015,0.031725105
S12000020,2015,0.082859562
S12000021,2015,0.130428487
S12000023,2015,0.026523166
S12000026,2015,0.048901115
S12000027,2015,0.02714443
S12000028,2015,0.045706745
S12000029,2015,0.031345832
S12000030,2015,0.064582658
S12000033,2015,0.015824554
S12000034,2015,0.028414137
S12000035,2015,0.03265498
S12000036,2015,0.016477219
S12000038,2015,0.029735516
S12000039,2015,0.029449855
S12000040,2015,0.036106555
S12000041,2015,0.056547018
S12000042,2015,0.031736297
S12000045,2015,0.0286338
S12000047,2015,0.089269192
S12000048,2015,0.035667604
S12000049,2015,0.02237397
S12000050,2015,0.032017995
